Plot,Network,Plant_species,Area_per_m2
1,1,Biscutella laevigata,0.000024938
1,1,Cardamine pratensis,0.0004568173
1,1,Dryas octopetala,1.26178632815E-005
1,1,Erica carnea,0.0006039693
1,1,Euphorbia cyparissias,0.0002156926
1,1,Gentiana verna,1.235051178325E-005
1,1,Polygala amarella,1.5848155191E-005
1,1,Polygala chamaebuxus,0.0011681583
1,1,Ranunculus acris,9.3132514215E-006
1,1,Valeriana tripteris,0.0001742825
2,2,Erica carnea,0.0009825762
2,2,Polygala chamaebuxus,1.03296394072581E-007
2,2,Ranunculus acris,2.50356221008067E-007
2,2,Soldanella alpina,0.0004048835
2,2,Tussilago farfara,5.42192482118184E-005
1,3,Aster bellidiastrum,6.92739030068184E-005
1,3,Biscutella laevigata,0.0003691102
1,3,Cardamine pratensis,0.0004995797
1,3,Dryas octopetala,0.0002408865
1,3,Erica carnea,0.0003386549
1,3,Euphorbia cyparissias,0.0006353129
1,3,Gentiana clusii,3.89684889197729E-005
1,3,Hippocrepis comosa,5.76351019036366E-005
1,3,Polygala amarella,9.69226019945459E-005
1,3,Polygala chamaebuxus,0.0004768349
1,3,Silene dioica,6.46419994886367E-006
1,3,Taraxacum officinale,1.5039027332244E-006
1,3,Valeriana montana,0.0001673434
1,3,Valeriana tripteris,5.00332540718184E-005
2,4,Erica carnea,0.0002058724
2,4,Gentiana verna,3.65203305418684E-005
2,4,Oxalis acetosella,4.64482784806453E-005
2,4,Polygala chamaebuxus,8.68767585626091E-005
2,4,Ranunculus acris,7.69355552210871E-005
2,4,Soldanella alpina,4.74152885672045E-007
2,4,Trollius europaeus,1.76507553274194E-006
2,4,Tussilago farfara,8.64364826565221E-006
2,4,Viola biflora,0.0001086589
3,5,Erica carnea,0.0003693723
3,5,Gentiana verna,6.91628659862E-005
3,5,Globularia cordifolia,1.1093499883566E-006
3,5,Pinguicula alpina,1.1181919741E-005
3,5,Polygala chamaebuxus,2.3055755157E-005
3,5,Ranunculus acris,0.000186265
3,5,Ranunculus alpestris,0.0001408961
3,5,Soldanella alpina,5.95701857570701E-005
3,5,Tussilago farfara,5.0457845205584E-006
3,10,Anthriscus nitidus,0.0001008708
3,10,Aster bellidiastrum,0.000000967
3,10,Erica carnea,0.0004379909
3,10,Gentiana clusii,1.24247355976087E-005
3,10,Gentiana verna,0.0001825728
3,10,Pinguicula alpina,7.29255635282613E-006
3,10,Polygala chamaebuxus,8.35353447717394E-005
3,10,Primula farinosa,8.16295262739135E-005
3,10,Ranunculus acris,0.0005952382
3,10,Ranunculus alpestris,3.72521878473915E-005
3,10,Rhodothamnus chamaecistus,4.13969303052176E-005
2,7,Ajuga reptans,6.26427150225003E-005
2,7,Aster bellidiastrum,8.1936874524194E-007
2,7,Cardamine pratensis,6.784416048E-005
2,7,Erica carnea,0.0001939825
2,7,Gentiana verna,0.0002058419
2,7,Leontodon hispidus,0.0001416871
2,7,Polygala chamaebuxus,0.0002369619
2,7,Ranunculus acris,5.43272999587502E-005
2,7,Trollius europaeus,8.82537766370972E-007
2,7,Viola biflora,0.0003355348
1,6,Acinos alpinus,4.32816068E-006
1,6,Ajuga reptans,9.57772791639437E-007
1,6,Anthriscus nitidus,0.0003974311
1,6,Arabis ciliata,7.36310778125003E-007
1,6,Aster bellidiastrum,3.17505388781252E-005
1,6,Biscutella laevigata,0.0001081944
1,6,Dryas octopetala,2.10297721358333E-005
1,6,Erica carnea,0.0002658485
1,6,Euphorbia cyparissias,0.000132705
1,6,Globularia cordifolia,0.0003715213
1,6,Hieracium bifidum,0.000064824
1,6,Hippocrepis comosa,0.000006604
1,6,Polygala amarella,0.0001260649
1,6,Polygala chamaebuxus,4.00273527031252E-005
1,6,Polygonum viviparum,2.30930621979167E-006
1,6,Potentilla erecta,3.93904995133335E-005
1,6,Pritzelago alpina,4.83919805833335E-006
1,6,Ranunculus acris,0.0002289508
1,6,Silene dioica,2.96275830989585E-005
1,6,Thymus praecox,1.3326649125E-006
1,6,Valeriana montana,7.20536509511658E-005
1,6,Veronica chamaedrys,0.000388758
4,8,Cardamine enneaphyllos,9.34458692432E-005
4,8,Daphne mezereum,0.0001916324
4,8,Ranunculus acris,3.10441714050002E-007
4,8,Soldanella alpina,0.0009630614
5,9,Androsace chamaejasme,1.06154812752E-005
5,9,Anthyllis vulneraria,1.78144785266E-005
5,9,Aster bellidiastrum,0.0005486493
5,9,Gentiana verna,1.97608188532E-005
5,9,Leontodon hispidus,3.40049130416E-005
5,9,Polygala alpestris,7.5387597582E-006
5,9,Polygala amarella,2.65096414104E-005
5,9,Polygala chamaebuxus,3.0741006876E-006
5,9,Primula auricula,0.000035312
5,9,Primula farinosa,0.0003379462
5,9,Ranunculus montanus,0.0006688237
5,9,Viola biflora,6.29416992388E-005
5,11,Androsace chamaejasme,1.65865919245833E-005
5,11,Anthyllis vulneraria,2.47034893204167E-005
5,11,Aster bellidiastrum,0.0002984551
5,11,Biscutella laevigata,4.57195978866668E-007
5,11,Leontodon hispidus,0.0002125307
5,11,Lotus corniculatus,3.10581004416669E-006
5,11,Myosotis alpestris,3.02818142083335E-006
5,11,Polygala alpestris,2.4241482918125E-005
5,11,Potentilla erecta,2.780505848E-005
5,11,Primula farinosa,7.82282960125003E-006
5,11,Ranunculus montanus,0.0001543304
5,11,Viola biflora,1.7355247951875E-005
6,12,Androsace chamaejasme,4.92413579461554E-005
6,12,Anthyllis vulneraria,1.08292999996172E-005
6,12,Aster bellidiastrum,6.85503051904336E-005
6,12,Dryas octopetala,0.0025983535
6,12,Gentiana clusii,5.7153783749E-005
6,12,Gentiana verna,0.0003411807
6,12,Pinguicula alpina,2.9027708568668E-005
6,12,Polygala amarella,3.7641838824298E-007
6,12,Potentilla erecta,0.000011122
6,12,Primula auricula,0.000834587
6,12,Primula farinosa,0.0003154165
6,12,Ranunculus alpestris,2.12163632593939E-005
6,12,Ranunculus montanus,2.9631429527E-005
6,12,Silene acaulis,0.0003883877
6,12,Soldanella alpina,2.46938822858E-005
3,13,Aster bellidiastrum,5.96357947623915E-005
3,13,Biscutella laevigata,0.000029422
3,13,Chaerophyllum hirsutum,0.0020386851
3,13,Dryas octopetala,7.62404661199E-005
3,13,Gentiana clusii,0.0001490968
3,13,Gentiana verna,1.07395754636957E-005
3,13,Globularia cordifolia,0.0008057547
3,13,Leontodon hispidus,1.34854509206853E-005
3,13,Lotus corniculatus,7.0944899486041E-007
3,13,Polygala chamaebuxus,8.85474654580439E-005
3,13,Potentilla erecta,9.67132468869569E-006
3,13,Primula farinosa,0.000005442
3,13,Ranunculus acris,0.0006681246
3,13,Taraxacum officinale,0.000007008
3,13,Trollius europaeus,1.0415737598033E-006
3,13,Valeriana montana,7.78670450697973E-007
3,13,Valeriana saxatilis,0.0002905617
3,13,Veronica chamaedrys,0.0014218816
3,13,Viola biflora,1.321465580092E-006
4,14,Cardamine enneaphyllos,1.07336471428E-005
4,14,Homogyne alpina,3.7796837994E-006
4,14,Ranunculus acris,0.000260771
4,14,Trollius europaeus,1.31321619636E-005
4,14,Valeriana tripteris,1.46764211944E-005
4,14,Viola biflora,0.0002406594
2,17,Ajuga reptans,0.0016740642
2,17,Anthriscus nitidus,0.0005196519
2,17,Aster bellidiastrum,6.0961034646E-006
2,17,Biscutella laevigata,2.7431758732E-006
2,17,Chaerophyllum hirsutum,6.61973030514E-005
2,17,Dactylorhiza maculata,8.83131668104843E-007
2,17,Fragaria vesca,2.19080521827959E-007
2,17,Hieracium bifidum,5.97455866518819E-007
2,17,Homogyne alpina,3.7796837994E-006
2,17,Leontodon hispidus,0.000374054
2,17,Lotus corniculatus,2.849076332E-005
2,17,Maianthemum bifolium,0.000000148
2,17,Plantago lanceolata,0.0002124337
2,17,Polygala chamaebuxus,2.76669061884E-005
2,17,Potentilla erecta,0.0008386006
2,17,Ranunculus acris,0.0015422744
2,17,Veronica chamaedrys,0.0017289418
2,17,Viola biflora,1.8512264482E-006
1,16,Anthriscus nitidus,0.0001083903
1,16,Betonica alopecuros,2.88206186533226E-007
1,16,Biscutella laevigata,3.57066281018184E-005
1,16,Dactylorhiza maculata,0.0001045307
1,16,Hieracium bifidum,6.06146133668184E-005
1,16,Lotus corniculatus,1.27997772927273E-005
1,16,Phyteuma orbiculare,6.33016125636367E-006
1,16,Plantago lanceolata,0.0011360089
1,16,Polygonum viviparum,2.77116746375E-005
1,16,Potentilla erecta,0.000075832
1,16,Ranunculus acris,0.0005079955
1,16,Thymus praecox,8.75197393543185E-005
1,16,Trifolium pratense,0.000062432
1,16,Valeriana montana,1.11562239118182E-005
1,16,Veronica chamaedrys,0.0002336876
1,16,Vincetoxicum hirundinaria,6.16940032475493E-007
4,18,Aster bellidiastrum,3.0480517323E-005
4,18,Cerastium fontanum,0.000001469
4,18,Chaerophyllum hirsutum,5.51644192095E-005
4,18,Gentiana verna,1.81140839487667E-005
4,18,Geranium sylvaticum,1.69915823376E-005
4,18,Geum rivale,3.633817705E-006
4,18,Homogyne alpina,4.91358893922E-005
4,18,Myosotis alpestris,8.96341700566671E-006
4,18,Ranunculus acris,0.0004731132
4,18,Ranunculus alpestris,3.17333452033335E-007
4,18,Silene dioica,0.000000474
4,18,Thalictrum aquilegiifolium,3.14592396744E-005
4,18,Trollius europaeus,8.31703591028E-005
4,18,Valeriana tripteris,5.93172023273669E-005
4,18,Viola biflora,0.0006905075
5,19,Androsace chamaejasme,8.90602418162337E-005
5,19,Antennaria carpatica,3.40423922416669E-007
5,19,Anthyllis vulneraria,0.0003718947
5,19,Aster bellidiastrum,0.0006726034
5,19,Biscutella laevigata,1.20533485358667E-005
5,19,Chaerophyllum hirsutum,5.51644192095002E-006
5,19,Crepis aurea,1.04170513093333E-006
5,19,Galium album,2.73407115564E-005
5,19,Geranium sylvaticum,3.20225974824E-005
5,19,Helianthemum nummularium,8.04377584905003E-006
5,19,Hippocrepis comosa,6.86818297685003E-006
5,19,Leontodon hispidus,0.0003060442
5,19,Lotus corniculatus,5.9631552848E-006
5,19,Myosotis alpestris,6.3955191608E-005
5,19,Pedicularis rostratocapitata,3.17379790550002E-007
5,19,Polygala alpestris,8.87169114792E-005
5,19,Polygonum viviparum,2.4386273681E-005
5,19,Potentilla aurea,0.0001068057
5,19,Potentilla erecta,6.89565450304E-005
5,19,Primula farinosa,2.08608789366666E-006
5,19,Ranunculus montanus,0.0003852086
5,19,Thesium alpinum,7.8081143822E-006
5,19,Trollius europaeus,1.0943468303E-006
5,19,Valeriana montana,8.18123086866671E-007
5,19,Viola biflora,2.03634909302E-005
2,20,Ajuga reptans,0.0003868636
2,20,Androsace chamaejasme,1.67861346048387E-007
2,20,Anthriscus nitidus,0.0006756329
2,20,Aster bellidiastrum,9.25886682123391E-006
2,20,Chaerophyllum hirsutum,2.9065124099629E-005
2,20,Dactylorhiza maculata,6.18192167673389E-006
2,20,Fragaria vesca,1.82713155204516E-005
2,20,Galium album,5.53228474308389E-005
2,20,Hieracium bifidum,2.28228141010188E-005
2,20,Leontodon hispidus,0.0006375921
2,20,Lotus corniculatus,0.0001136726
2,20,Lysimachia nemorum,0.00023315
2,20,Maianthemum bifolium,2.752103502E-006
2,20,Phyteuma orbiculare,3.481588691E-006
2,20,Plantago lanceolata,0.0010186671
2,20,Platanthera bifolia,1.90543506039247E-005
2,20,Polygonum viviparum,1.939817224625E-005
2,20,Potentilla erecta,0.001170593
2,20,Ranunculus acris,0.0012014094
2,20,Stellaria graminea,5.999468075E-005
2,20,Trifolium pratense,1.1445857506E-005
2,20,Veronica chamaedrys,0.0016399241
3,21,Aster bellidiastrum,2.22961519758151E-005
3,21,Biscutella laevigata,8.90076389562187E-007
3,21,Chaerophyllum hirsutum,0.0046065821
3,21,Crepis aurea,2.97441185862946E-006
3,21,Dactylorhiza maculata,1.04227468443845E-006
3,21,Dryas octopetala,4.80375505640865E-006
3,21,Globularia cordifolia,0.0007069357
3,21,Hieracium bifidum,3.03201270331061E-005
3,21,Leontodon hispidus,7.10741895915424E-005
3,21,Lotus corniculatus,8.84652050982458E-006
3,21,Platanthera bifolia,0.0003194274
3,21,Polygala chamaebuxus,3.34141379086959E-006
3,21,Potentilla erecta,2.6596142893913E-005
3,21,Primula farinosa,1.19129384790609E-006
3,21,Ranunculus acris,0.0035673802
3,21,Tofieldia calyculata,0.000000913
3,21,Valeriana montana,0.000007008
3,21,Valeriana saxatilis,0.0006378998
3,21,Veronica chamaedrys,0.0057930808
1,22,Acinos alpinus,1.10891437030065E-005
1,22,Anthyllis vulneraria,0.000003554
1,22,Betonica alopecuros,0.0001852013
1,22,Biscutella laevigata,1.50666856683333E-005
1,22,Buphthalmum salicifolium,7.197592986E-005
1,22,Carduus defloratus,3.56918423435133E-005
1,22,Carum carvi,2.53136908035133E-007
1,22,Dactylorhiza maculata,0.0002169589
1,22,Euphorbia cyparissias,1.40975583619281E-006
1,22,Euphrasia officinalis,2.15733803681249E-005
1,22,Galium album,0.0003163566
1,22,Gentiana utriculosa,2.01952341206427E-006
1,22,Gypsophila repens,5.79169453257083E-006
1,22,Helianthemum nummularium,8.76228305996736E-006
1,22,Hieracium bifidum,4.30949211954359E-005
1,22,Hippocrepis comosa,1.07908857730801E-005
1,22,Hypericum maculatum,2.1058950254902E-006
1,22,Laserpitium siler,7.86603578125E-005
1,22,Leucanthemum adustum,0.0002078749
1,22,Lotus corniculatus,6.98604265816969E-005
1,22,Lysimachia nemorum,5.73842075919937E-006
1,22,Phyteuma orbiculare,5.99227683200438E-006
1,22,Plantago lanceolata,3.61576894074076E-005
1,22,Plantago media,6.12647382979169E-006
1,22,Polygala alpestris,2.24584023433333E-005
1,22,Polygonum viviparum,2.2640257056781E-005
1,22,Potentilla erecta,2.74113049285403E-005
1,22,Ranunculus acris,0.0004284806
1,22,Senecio abrotanifolius,9.30338870710788E-006
1,22,Silene dioica,1.49493425832652E-005
1,22,Silene vulgaris,0.000002437
1,22,Thesium alpinum,1.23627488698257E-007
1,22,Thymus praecox,0.0004104608
1,22,Tofieldia calyculata,4.56159253333335E-007
1,22,Trifolium pratense,0.0001155184
1,22,Valeriana montana,7.35241336236387E-006
1,22,Veronica chamaedrys,2.38015109775E-005
1,22,Vincetoxicum hirundinaria,2.34437212340686E-005
5,24,Achillea clavennae,7.70616299512502E-005
5,24,Androsace chamaejasme,1.84209050768E-005
5,24,Anthyllis vulneraria,0.0003190106
5,24,Aster bellidiastrum,0.0001828831
5,24,Asteraceae sp. 3,4.3373613574E-005
5,24,Biscutella laevigata,0.00000771
5,24,Carduus defloratus,3.28335144264E-005
5,24,Cerastium fontanum,5.87608725833335E-008
5,24,Chaerophyllum hirsutum,3.30986515257E-005
5,24,Crepis aurea,4.89601411538669E-005
5,24,Galium album,0.0001304898
5,24,Geranium sylvaticum,6.40451949648E-005
5,24,Gymnadenia conopsea,0.0001131567
5,24,Hieracium bifidum,3.55605731752E-005
5,24,Hieracium glanduliferum,0.000017533
5,24,Hippocrepis comosa,1.90195836282E-005
5,24,Homogyne alpina,1.13390513982E-005
5,24,Leontodon hispidus,0.0001530221
5,24,Ligusticum mutellina,0.0001223686
5,24,Lotus corniculatus,1.88833250685333E-005
5,24,Myosotis alpestris,2.92643452486335E-005
5,24,Nigritella nigra,1.07248033698E-005
5,24,Pedicularis rostratocapitata,3.3007498215E-006
5,24,Phyteuma orbiculare,0.000061276
5,24,Polygala alpestris,6.737520703E-005
5,24,Polygonum viviparum,4.8772547362E-005
5,24,Potentilla aurea,0.0001017198
5,24,Ranunculus montanus,0.0007873494
5,24,Thymus praecox,0.000000597
5,24,Trifolium pratense,2.2891715012E-006
5,24,Trollius europaeus,2.1886936606E-006
5,24,Valeriana montana,9.8174770424E-006
5,24,Veronica chamaedrys,7.77516025265003E-006
6,23,Achillea clavennae,1.60885066835402E-006
6,23,Androsace chamaejasme,0.0002843802
6,23,Anemone narcissiflora,3.20623025551929E-006
6,23,Anthyllis vulneraria,9.57487554727764E-006
6,23,Aster bellidiastrum,0.0002743247
6,23,Bartsia alpina,0.000000066
6,23,Biscutella laevigata,2.54510557723712E-007
6,23,Cerastium fontanum,6.54790326989355E-006
6,23,Dryas octopetala,0.0007096992
6,23,Galium album,5.27543745635783E-006
6,23,Gentiana clusii,9.33275371472898E-007
6,23,Gentiana verna,3.04479240200517E-005
6,23,Helianthemum alpestre,0.0001039892
6,23,Homogyne alpina,2.26781027964E-005
6,23,Leontodon hispidus,0.0001044468
6,23,Lotus corniculatus,4.86867675114306E-007
6,23,Myosotis alpestris,9.98291134371656E-006
6,23,Pedicularis rostratocapitata,4.14604559830178E-007
6,23,Polygala alpestris,6.0528439866E-005
6,23,Polygonum viviparum,2.216933971E-005
6,23,Potentilla aurea,0.0001830956
6,23,Primula auricula,4.60761885489172E-006
6,23,Primula farinosa,1.00132218896E-005
6,23,Ranunculus montanus,3.8097552249E-005
6,23,Silene acaulis,0.0001167368
6,23,Thesium alpinum,1.92732913145003E-007
6,23,Veronica aphylla,3.1421056507185E-007
6,23,Viola biflora,2.84116707076129E-005
3,26,Antennaria carpatica,6.93561437616857E-006
3,26,Biscutella laevigata,4.35148457043149E-007
3,26,Chaerophyllum hirsutum,0.0008164334
3,26,Crepis aurea,6.2502307856E-005
3,26,Crepis paludosa,0.000010396
3,26,Dactylorhiza maculata,1.66763949510152E-005
3,26,Galium album,7.4565576972E-006
3,26,Gymnadenia conopsea,0.000067894
3,26,Hieracium bifidum,8.8901432938E-006
3,26,Lotus corniculatus,1.36535823890868E-005
3,26,Pedicularis rostratocapitata,9.1405379674E-006
3,26,Phyteuma orbiculare,8.3558128584E-006
3,26,Plantago lanceolata,0.000006248
3,26,Platanthera bifolia,0.0001642524
3,26,Polygonum viviparum,2.216933971E-006
3,26,Potentilla erecta,5.561011696E-005
3,26,Ranunculus acris,0.0034421777
3,26,Saxifraga caesia,8.511102726E-006
3,26,Thymus praecox,2.32843213538E-005
3,26,Tofieldia calyculata,0.0002071952
3,26,Trifolium pratense,1.74302398568528E-005
3,26,Valeriana montana,3.92699081696E-005
3,26,Valeriana saxatilis,0.000159938
3,26,Veronica chamaedrys,0.0051773047
4,25,Aster bellidiastrum,0.0001645948
4,25,Biscutella laevigata,1.8703471866E-006
4,25,Chaerophyllum hirsutum,0.0010370911
4,25,Gentiana verna,8.23367452216671E-007
4,25,Geranium sylvaticum,9.41072252544E-005
4,25,Geum rivale,3.75494496183335E-006
4,25,Homogyne alpina,3.7796837994E-005
4,25,Leontodon hispidus,2.69205561579333E-005
4,25,Ligusticum mutellina,1.7481228958E-005
4,25,Lotus corniculatus,0.000008572
4,25,Myosotis alpestris,0.0002492799
4,25,Potentilla aurea,0.000005086
4,25,Potentilla erecta,4.4488093568E-006
4,25,Ranunculus acris,0.0002458698
4,25,Saxifraga rotundifolia,5.61212422736E-005
4,25,Silene dioica,0.000023228
4,25,Stellaria nemorum,2.1432548268E-005
4,25,Thalictrum aquilegiifolium,0.0002411875
4,25,Trollius europaeus,0.0001313216
4,25,Valeriana tripteris,7.3382105972E-006
4,25,Veronica chamaedrys,9.36192765115004E-006
4,25,Viola biflora,0.0002258496
2,27,Ajuga reptans,3.12298438674792E-005
2,27,Aster bellidiastrum,1.2290531178629E-006
2,27,Asteraceae sp. 4,3.30199122692389E-005
2,27,Asteraceae sp. 5,1.74893603120968E-006
2,27,Chaerophyllum hirsutum,0.0003784398
2,27,Dactylorhiza maculata,2.37385792386581E-005
2,27,Epilobium montanum,1.18759798387097E-006
2,27,Euphrasia officinalis,3.0682140968E-006
2,27,Fragaria vesca,3.69807920845593E-006
2,27,Galium album,0.0002678968
2,27,Leucanthemum adustum,3.161230501E-005
2,27,Lotus corniculatus,0.0010972206
2,27,Lysimachia nemorum,0.0001231736
2,27,Maianthemum bifolium,4.43887661612905E-007
2,27,Melampyrum sylvaticum,1.7357636196E-005
2,27,Orchis ustulata,2.80326407717495E-005
2,27,Phyteuma orbiculare,1.40386640766129E-005
2,27,Plantago lanceolata,0.001030928
2,27,Platanthera bifolia,0.0001417644
2,27,Polygonum viviparum,2.216933971E-006
2,27,Potentilla erecta,0.0011055291
2,27,Prunella vulgaris,1.9965907095E-005
2,27,Ranunculus acris,0.0023730165
2,27,Stellaria graminea,3.22552047043013E-006
2,27,Trifolium pratense,0.0001373503
2,27,Trifolium repens,2.59333834044E-005
2,27,Veronica chamaedrys,0.0001618503
2,27,Veronica officinalis,4.40920049213712E-006
1,28,Achillea clavennae,9.99346793641071E-007
1,28,Acinos alpinus,2.272284357E-005
1,28,Anthericum ramosum,7.45836218016668E-005
1,28,Betonica alopecuros,0.00019843
1,28,Biscutella laevigata,7.20905424193359E-006
1,28,Buphthalmum salicifolium,0.0002159278
1,28,Carduus defloratus,3.42015775275E-005
1,28,Carum carvi,6.73748424428109E-008
1,28,Cerastium fontanum,0.000000192
1,28,Chaerophyllum hirsutum,2.2985174670625E-005
1,28,Crepis paludosa,0.0002382406
1,28,Dactylorhiza maculata,9.58197859893754E-005
1,28,Dryas octopetala,2.10297721358333E-005
1,28,Euphrasia officinalis,1.51812676664583E-005
1,28,Galium album,0.0001410796
1,28,Gymnadenia conopsea,0.000007704
1,28,Gypsophila repens,4.74712105437502E-006
1,28,Heracleum austriacum,0.0005670774
1,28,Leucanthemum adustum,3.2025537755229E-005
1,28,Lotus corniculatus,6.57294962288347E-005
1,28,Phyteuma orbiculare,1.89629013671024E-007
1,28,Plantago lanceolata,6.50838409333336E-006
1,28,Polygala alpestris,8.42190087875003E-006
1,28,Polygonum viviparum,1.15465310989583E-005
1,28,Potentilla erecta,0.0001204886
1,28,Prunella vulgaris,3.62489235566451E-006
1,28,Ranunculus acris,0.0001225788
1,28,Senecio abrotanifolius,5.1685492817266E-006
1,28,Silene dioica,2.37020664791667E-005
1,28,Silene vulgaris,0.000010653
1,28,Teucrium montanum,2.49806907583335E-006
1,28,Thymus praecox,9.6213180556332E-005
1,28,Tolpis staticifolia,0.000007392
1,28,Trifolium pratense,1.45255163338671E-005
1,28,Veronica chamaedrys,4.35583207431375E-006
1,28,Vincetoxicum hirundinaria,1.23388006495098E-006
5,30,Achillea clavennae,0.0001202423
5,30,Acinos alpinus,5.193792816E-006
5,30,Androsace chamaejasme,7.4932368224E-006
5,30,Anthyllis vulneraria,0.0001245336
5,30,Aster bellidiastrum,0.000000508
5,30,Chaerophyllum hirsutum,1.10328838419E-005
5,30,Crepis aurea,0.000081253
5,30,Galium album,9.20677749001504E-005
5,30,Geranium sylvaticum,2.35268063136E-005
5,30,Gymnadenia conopsea,0.0001235294
5,30,Gypsophila repens,1.36717086366E-005
5,30,Helianthemum nummularium,0.0001608755
5,30,Heracleum austriacum,4.76535623250002E-007
5,30,Hieracium glanduliferum,7.88985922518E-005
5,30,Hippocrepis comosa,3.22276278144502E-005
5,30,Leontodon hispidus,0.0002252825
5,30,Ligusticum mutellina,6.26410704328335E-005
5,30,Lotus corniculatus,4.02512981724E-005
5,30,Myosotis alpestris,5.03404879391335E-005
5,30,Nigritella nigra,8.34151373206671E-006
5,30,Pedicularis rostratocapitata,0.000002539
5,30,Phyteuma orbiculare,8.3558128584E-005
5,30,Polygala alpestris,0.000030155
5,30,Polygonum viviparum,5.7640283246E-005
5,30,Potentilla erecta,2.89172608192E-005
5,30,Prunella vulgaris,0.00002899
5,30,Ranunculus montanus,0.0009947694
5,30,Thymus praecox,8.955508213E-006
5,30,Trifolium pratense,6.40968020336E-005
5,30,Veronica chamaedrys,7.9338369925E-006
6,29,Achillea clavennae,0.000073392
6,29,Androsace chamaejasme,8.01582807917811E-005
6,29,Anthyllis vulneraria,2.2177207962E-005
6,29,Aster bellidiastrum,9.1441551969E-005
6,29,Cerastium fontanum,1.81325843522338E-006
6,29,Crepis aurea,1.0206124731548E-006
6,29,Dryas octopetala,0.0001716029
6,29,Galium album,6.58662596586E-005
6,29,Gentiana clusii,0.000012364
6,29,Helianthemum alpestre,9.4886826678E-005
6,29,Hieracium glanduliferum,5.25990615012E-005
6,29,Homogyne alpina,7.5593675988E-006
6,29,Leontodon hispidus,0.0012411793
6,29,Ligusticum mutellina,3.4962457916E-005
6,29,Lotus corniculatus,1.98067507590001E-005
6,29,Myosotis alpestris,0.000060176
6,29,Nigritella nigra,1.54672539781309E-005
6,29,Pedicularis rostratocapitata,2.05662104272E-005
6,29,Phyteuma orbiculare,8.3558128584E-006
6,29,Polygala alpestris,1.63900862875592E-005
6,29,Polygonum viviparum,8.6460424869E-005
6,29,Potentilla aurea,0.0001017198
6,29,Ranunculus montanus,7.34357346493538E-006
6,29,Silene acaulis,6.65052374902028E-006
6,29,Trifolium pratense,2.82176646444457E-005
6,29,Veronica chamaedrys,4.66391462655129E-007
6,29,Viola biflora,2.96196231712E-005
3,32,Achillea clavennae,1.16421365046003E-006
3,32,Achillea millefolium,6.64064472360409E-006
3,32,Antennaria carpatica,0.000001634
3,32,Asteraceae sp. 1,1.73494454296E-005
3,32,Asteraceae sp. 2,3.46988908592E-005
3,32,Carduus defloratus,8.68060343337567E-007
3,32,Chaerophyllum hirsutum,0.0003729899
3,32,Crepis aurea,7.50027694272E-005
3,32,Dactylorhiza maculata,1.56341202665768E-005
3,32,Gentiana utriculosa,1.69501485008E-005
3,32,Gymnadenia conopsea,4.5262687668E-005
3,32,Heracleum austriacum,8.42412176001148E-005
3,32,Hypericum maculatum,0.0002062092
3,32,Lotus corniculatus,4.4723664636E-006
3,32,Pedicularis rostratocapitata,1.9550595097E-005
3,32,Phyteuma orbiculare,4.11074888084571E-006
3,32,Plantago media,2.35256595064E-005
3,32,Platanthera bifolia,0.0004252931
3,32,Potentilla erecta,0.000011122
3,32,Ranunculus acris,0.0026375128
3,32,Saxifraga caesia,1.5806333634E-005
3,32,Thymus praecox,2.86576262816E-005
3,32,Tofieldia calyculata,0.0002532386
3,32,Trifolium pratense,0.000124847
3,32,Valeriana saxatilis,5.90623222072E-005
3,32,Veronica chamaedrys,0.0016565852
4,31,Achillea clavennae,1.1260115992E-005
4,31,Anemone narcissiflora,8.99935395553337E-006
4,31,Aster bellidiastrum,8.89015088587504E-005
4,31,Biscutella laevigata,6.5981692416167E-006
4,31,Chaerophyllum hirsutum,0.0047441401
4,31,Clematis alpina,3.68155389092502E-005
4,31,Crepis aurea,1.04170513093333E-005
4,31,Galeobdolon luteum,4.18879020478335E-006
4,31,Galium album,2.071266027E-005
4,31,Gentiana verna,8.23367452216671E-007
4,31,Geranium sylvaticum,0.0002633695
4,31,Geum rivale,6.540871869E-006
4,31,Homogyne alpina,1.57486824975E-006
4,31,Leontodon hispidus,4.2506141302E-006
4,31,Ligusticum mutellina,6.84681467521669E-005
4,31,Lotus corniculatus,0.0001069505
4,31,Myosotis alpestris,0.000457861
4,31,Potentilla aurea,8.0528139283167E-005
4,31,Ranunculus acris,0.0001564626
4,31,Saxifraga rotundifolia,0.0003647881
4,31,Silene dioica,2.37020664791667E-005
4,31,Silene pusilla,1.15389826375E-006
4,31,Silene vulgaris,2.1306093405E-007
4,31,Stellaria nemorum,0.0002071813
4,31,Thalictrum aquilegiifolium,0.000112292
4,31,Trifolium pratense,1.06828003389333E-005
4,31,Trollius europaeus,2.07925897757E-005
4,31,Veronica chamaedrys,1.42809065865E-005
4,31,Viola biflora,7.4049057928E-006
1,34,Achillea millefolium,1.42506210299564E-006
1,34,Acinos alpinus,6.49224102E-006
1,34,Anthericum ramosum,0.0001800609
1,34,Anthyllis vulneraria,0.000001777
1,34,Aquilegia vulgaris,2.20836446092049E-007
1,34,Betonica alopecuros,0.0002425255
1,34,Biscutella laevigata,1.10402438097917E-005
1,34,Buphthalmum salicifolium,0.0003238917
1,34,Carduus defloratus,5.70026292125E-005
1,34,Carum carvi,3.84999099673205E-008
1,34,Crepis paludosa,1.76946408626089E-005
1,34,Dactylorhiza maculata,6.84427042781252E-005
1,34,Dryas octopetala,0.000008247
1,34,Euphorbia cyparissias,7.18975476458337E-006
1,34,Euphrasia officinalis,3.99507043854169E-005
1,34,Galium album,0.0005346455
1,34,Gymnadenia conopsea,4.62241499877453E-006
1,34,Gypsophila repens,3.25162278757191E-005
1,34,Heracleum austriacum,0.0002922051
1,34,Hieracium bifidum,3.70422637241669E-005
1,34,Hypericum maculatum,5.370032315E-005
1,34,Leucanthemum adustum,0.0003134621
1,34,Lotus corniculatus,0.000114915
1,34,Pimpinella major,0.0004861081
1,34,Plantago lanceolata,6.50838409333336E-006
1,34,Plantago media,2.00211563065087E-006
1,34,Potentilla erecta,8.57322636466671E-005
1,34,Prunella vulgaris,2.71866926674836E-005
1,34,Ranunculus acris,0.0001979066
1,34,Rhinanthus glacialis,1.84152286166258E-006
1,34,Silene dioica,5.92551661979169E-006
1,34,Silene viscosa,1.40832135950708E-005
1,34,Silene vulgaris,0.000010653
1,34,Teucrium montanum,0.00000449
1,34,Thymus praecox,4.10460793095835E-005
1,34,Tolpis staticifolia,3.76991118433335E-005
1,34,Trifolium pratense,3.81528583533336E-005
1,34,Trifolium repens,9.0046470154167E-006
2,33,Anthriscus nitidus,3.17944900214E-005
2,33,Campanula scheuchzeri,1.27132067231419E-005
2,33,Chaerophyllum hirsutum,0.0003738131
2,33,Crepis paludosa,9.35635985964E-005
2,33,Dactylorhiza maculata,2.71651301109048E-005
2,33,Euphrasia officinalis,0.0001104557
2,33,Galium album,0.0001354608
2,33,Heracleum austriacum,0.000476345
2,33,Leucanthemum adustum,0.000093879
2,33,Lotus corniculatus,0.0006440208
2,33,Lysimachia nemorum,0.0001636449
2,33,Melampyrum sylvaticum,2.48792785476E-005
2,33,Orchis ustulata,4.46006969882561E-005
2,33,Phyteuma orbiculare,2.97245314048819E-006
2,33,Pimpinella major,7.04515102855556E-005
2,33,Plantago lanceolata,0.0002186817
2,33,Plantago media,0.000001581
2,33,Platanthera bifolia,1.90543506039247E-005
2,33,Polygonum viviparum,6.650801913E-006
2,33,Potentilla erecta,0.0005116131
2,33,Prunella vulgaris,0.0006455643
2,33,Ranunculus acris,0.0006705541
2,33,Stellaria graminea,2.0398191455E-005
2,33,Thymus praecox,3.40309312094E-005
2,33,Trifolium pratense,0.0004028942
2,33,Trifolium repens,0.0001037335
2,33,Veronica chamaedrys,8.61972999701293E-005
2,33,Veronica officinalis,5.64894906134E-005
6,35,Achillea clavennae,0.0001764068
6,35,Androsace chamaejasme,8.08606393547201E-006
6,35,Anthyllis vulneraria,1.5353451666E-005
6,35,Aster bellidiastrum,1.82883103938E-005
6,35,Campanula scheuchzeri,1.84927873946766E-006
6,35,Carduus defloratus,1.78714970751143E-006
6,35,Cerastium fontanum,3.525652355E-006
6,35,Chaerophyllum hirsutum,1.80158129358263E-006
6,35,Crepis aurea,0.0001655678
6,35,Dryas octopetala,1.09184489061602E-005
6,35,Erigeron glabratus,3.69850366557807E-007
6,35,Galium album,0.0002995051
6,35,Gymnadenia conopsea,1.84775831433703E-006
6,35,Gypsophila repens,6.44224325681956E-005
6,35,Hedysarum hedysaroides,1.33265498530372E-006
6,35,Helianthemum alpestre,1.65891839369549E-005
6,35,Helianthemum nummularium,0.0001670051
6,35,Hieracium glanduliferum,6.13655717514E-005
6,35,Hieracium pilosella,2.57107604193338E-005
6,35,Hieracium pilosum,2.50512621454115E-005
6,35,Leontodon hispidus,0.0011051597
6,35,Leontopodium alpinum,9.23394313520579E-008
6,35,Ligusticum mutellina,6.9924915832E-005
6,35,Lotus corniculatus,2.93902540759503E-005
6,35,Myosotis alpestris,2.18484772946218E-005
6,35,Nigritella nigra,1.42997378264E-005
6,35,Pedicularis rostratocapitata,3.14013201524181E-005
6,35,Phyteuma orbiculare,1.10846870773419E-005
6,35,Polygala alpestris,7.3566495428E-006
6,35,Polygonum viviparum,7.7592688985E-005
6,35,Potentilla aurea,5.50123821319088E-006
6,35,Silene acaulis,1.9346978178968E-006
6,35,Thesium alpinum,5.1142419783462E-007
6,35,Thymus praecox,8.9566781030344E-006
6,35,Trifolium pratense,6.70872285537831E-005
5,36,Achillea clavennae,0.0001174272
5,36,Acinos alpinus,3.9819078256E-006
5,36,Anthyllis vulneraria,5.061884793E-006
5,36,Betonica alopecuros,0.0003301875
5,36,Buphthalmum salicifolium,0.0001094034
5,36,Campanula scheuchzeri,0.000000755
5,36,Carduus defloratus,2.82733040894E-005
5,36,Chaerophyllum hirsutum,2.390458165745E-005
5,36,Crepis aurea,2.60426282733333E-005
5,36,Erigeron glabratus,5.662409112E-005
5,36,Euphrasia officinalis,2.10939719155E-006
5,36,Galium album,3.87326747049E-005
5,36,Geranium sylvaticum,1.9605671928E-006
5,36,Gymnadenia conopsea,0.0002715761
5,36,Gypsophila repens,8.65874880318E-005
5,36,Helianthemum nummularium,0.0001394254
5,36,Heracleum austriacum,6.2902702269E-005
5,36,Hieracium aurantiacum,1.98155956666667E-007
5,36,Hieracium glanduliferum,0.0005500985
5,36,Hieracium pilosella,0.00000167
5,36,Leontodon hispidus,0.0004590663
5,36,Ligusticum mutellina,9.32332211093337E-005
5,36,Lotus corniculatus,3.27973540664E-005
5,36,Myosotis alpestris,1.06591986010833E-005
5,36,Nigritella nigra,1.90663171018667E-005
5,36,Pedicularis rostratocapitata,7.6171149732E-006
5,36,Phyteuma orbiculare,8.0076539893E-005
5,36,Plantago media,2.9407074383E-005
5,36,Polygala alpestris,0.00001078
5,36,Polygonum viviparum,3.9904811478E-005
5,36,Potentilla erecta,2.89172608192E-005
5,36,Prunella vulgaris,0.0001630549
5,36,Ranunculus montanus,0.0005460649
5,36,Rhinanthus glacialis,1.1955044328E-006
5,36,Saxifraga rotundifolia,6.21342325172E-005
5,36,Scabiosa lucida,3.35748918395002E-006
5,36,Senecio abrotanifolius,9.109878222E-005
5,36,Silene vulgaris,6.39182802150003E-007
5,36,Thymus praecox,0.000053733
5,36,Trifolium pratense,0.000467754
5,36,Trifolium repens,4.3222305674E-006
5,36,Veronica chamaedrys,4.7603021955E-006
5,38,Achillea clavennae,9.24772917505838E-005
5,38,Acinos alpinus,3.84340668384E-005
5,38,Allium lusitanicum,1.65064959276E-005
5,38,Anthyllis vulneraria,0.000003272
5,38,Betonica alopecuros,0.0001855297
5,38,Buphthalmum salicifolium,0.0001727422
5,38,Campanula scheuchzeri,3.7749943335E-005
5,38,Carduus defloratus,8.93801226052E-005
5,38,Crepis aurea,2.08341026186667E-006
5,38,Dryas octopetala,8.41190885433337E-006
5,38,Erigeron glabratus,0.0001019234
5,38,Euphrasia officinalis,5.44608002182E-005
5,38,Galium album,3.13503699404E-005
5,38,Gentiana utriculosa,3.53128093766669E-007
5,38,Gymnadenia conopsea,0.000067894
5,38,Gypsophila repens,0.0001032974
5,38,Helianthemum nummularium,0.0000143
5,38,Heracleum austriacum,0.0001194675
5,38,Hieracium aurantiacum,2.47694945833335E-008
5,38,Hieracium glanduliferum,5.47906890637502E-005
5,38,Hieracium sp. 3,8.6747227148E-006
5,38,Hypericum maculatum,6.0144361928E-006
5,38,Leontodon hispidus,7.36773115901335E-005
5,38,Ligusticum mutellina,0.000132566
5,38,Lotus corniculatus,1.63986770332E-005
5,38,Myosotis alpestris,5.39016292908335E-006
5,38,Nigritella nigra,1.7874672283E-005
5,38,Parnassia palustris,4.80286684886669E-006
5,38,Pedicularis rostratocapitata,1.37531242571667E-006
5,38,Phyteuma orbiculare,1.78721552804667E-005
5,38,Plantago media,1.17628297532E-005
5,38,Polygala alpestris,1.58908424332667E-005
5,38,Polygonum viviparum,1.9952405739E-005
5,38,Potentilla erecta,0.000022244
5,38,Prunella vulgaris,0.0004049582
5,38,Ranunculus montanus,0.0001439241
5,38,Rhinanthus glacialis,1.16561682198E-005
5,38,Scabiosa lucida,3.021740265555E-005
5,38,Senecio abrotanifolius,0.0001821976
5,38,Silene vulgaris,6.39182802150003E-007
5,38,Thesium alpinum,7.263362216E-007
5,38,Thymus praecox,9.26895100039504E-005
5,38,Trifolium pratense,0.0001922904
5,38,Trifolium repens,8.6444611348E-006
5,38,Veronica chamaedrys,1.5867673985E-006
6,37,Achillea clavennae,0.0002214151
6,37,Aconitum napellus,2.94175066616592E-006
6,37,Anthyllis vulneraria,8.9049833342587E-007
6,37,Campanula scheuchzeri,3.86454873858997E-005
6,37,Carduus defloratus,1.09445048088E-005
6,37,Chaerophyllum hirsutum,2.20657676838E-005
6,37,Crepis aurea,0.0001000037
6,37,Dryas octopetala,2.47247484288049E-006
6,37,Erigeron glabratus,2.95880293246246E-006
6,37,Euphrasia minima,6.697430684E-007
6,37,Galium album,0.0001267615
6,37,Gypsophila repens,6.51675848423873E-005
6,37,Helianthemum alpestre,5.16475215969956E-007
6,37,Helianthemum nummularium,6.23817321452563E-005
6,37,Heracleum austriacum,4.66886632838016E-007
6,37,Hieracium glanduliferum,5.47463125422355E-005
6,37,Hieracium pilosella,8.29662865313342E-006
6,37,Hieracium pilosum,3.57875173505881E-006
6,37,Leontodon hispidus,0.0002720393
6,37,Ligusticum mutellina,1.42727212263227E-006
6,37,Lotus corniculatus,1.60345000122145E-005
6,37,Myosotis alpestris,2.37349294905293E-006
6,37,Nigritella nigra,0.00000591
6,37,Parnassia palustris,0.000000362
6,37,Pedicularis rostratocapitata,1.2695191622E-006
6,37,Phyteuma orbiculare,1.36443710947093E-006
6,37,Polygala alpestris,2.04691682185983E-006
6,37,Polygonum viviparum,0.000033254
6,37,Potentilla aurea,1.24575140697257E-006
6,37,Scabiosa lucida,1.09650201957871E-006
6,37,Thymus praecox,5.19080208244039E-006
6,37,Trifolium pratense,0.0001281936
1,40,Acinos alpinus,9.98806310769235E-006
1,40,Anthericum ramosum,0.0009036093
1,40,Anthyllis vulneraria,1.64032603269231E-006
1,40,Aquilegia vulgaris,2.20836446092049E-007
1,40,Betonica alopecuros,0.00000786
1,40,Biscutella laevigata,2.99735126057694E-006
1,40,Buphthalmum salicifolium,0.0011626881
1,40,Campanula cochleariifolia,8.13758957652677E-006
1,40,Campanula scheuchzeri,0.000021124
1,40,Carduus defloratus,0.0001292633
1,40,Centaurea jacea,0.0006737561
1,40,Clinopodium vulgare,8.62451455337695E-008
1,40,Crepis paludosa,0.0002499028
1,40,Cuscuta epithymum,3.3711500994231E-006
1,40,Dactylorhiza maculata,5.05423046976926E-005
1,40,Euphrasia officinalis,0.0001121078
1,40,Galium album,0.0002912098
1,40,Gymnadenia conopsea,6.16321999836603E-006
1,40,Heracleum austriacum,0.0021123562
1,40,Hypericum maculatum,0.000525437
1,40,Leucanthemum adustum,8.01758217928107E-005
1,40,Lotus corniculatus,3.28102551238463E-005
1,40,Pimpinella major,0.0062909049
1,40,Plantago media,1.13104132242308E-005
1,40,Potentilla erecta,3.6360461089231E-005
1,40,Prenanthes purpurea,2.54617978199893E-006
1,40,Prunella vulgaris,9.96845397807738E-006
1,40,Ranunculus acris,7.57296730301964E-005
1,40,Rhinanthus glacialis,3.13832122645071E-005
1,40,Scabiosa lucida,3.31416311269743E-005
1,40,Silene dioica,7.74577335920483E-007
1,40,Silene viscosa,3.93019914281048E-006
1,40,Silene vulgaris,9.83358157153851E-006
1,40,Teucrium montanum,5.30635588003815E-007
1,40,Thymus praecox,0.000048714
1,40,Tolpis staticifolia,0.0002261947
1,40,Trifolium pratense,2.01026624204592E-005
1,40,Trifolium repens,0.000004156
2,39,Adenostyles alliariae,1.58681473515591E-005
2,39,Campanula scheuchzeri,0.0002264997
2,39,Centaurea jacea,1.4088470397043E-006
2,39,Cirsium arvense,2.50694852600809E-006
2,39,Crepis paludosa,2.79461166655916E-006
2,39,Crepis sp.,0.000001166
2,39,Dactylorhiza maculata,8.83131668104843E-007
2,39,Euphrasia officinalis,0.0006575886
2,39,Galium album,0.001741158
2,39,Gymnadenia conopsea,4.71486329875E-005
2,39,Heracleum austriacum,0.0002276995
2,39,Knautia dipsacifolia,1.74148788760484E-005
2,39,Leontodon hispidus,0.0001239762
2,39,Leucanthemum adustum,5.3166149335E-005
2,39,Lotus corniculatus,0.0003494036
2,39,Melampyrum pratense,2.73364291129034E-007
2,39,Melampyrum sylvaticum,5.92650772895835E-005
2,39,Orchis ustulata,1.41256804929167E-005
2,39,Pimpinella major,0.0033400678
2,39,Potentilla erecta,0.0002710993
2,39,Prunella vulgaris,0.0019896581
2,39,Ranunculus acris,0.00044626
2,39,Rhinanthus glacialis,6.35111729925E-005
2,39,Stellaria graminea,8.87018129368284E-006
2,39,Thymus praecox,0.0016213201
2,39,Trifolium pratense,0.0026707001
2,39,Trifolium repens,6.75348526156252E-005
2,39,Veronica officinalis,2.6589839756875E-005
3,42,Achillea millefolium,0.0003139697
3,42,Acinos alpinus,1.0387585632E-006
3,42,Antennaria carpatica,1.34536219136949E-005
3,42,Biscutella laevigata,2.35663745478E-005
3,42,Buphthalmum salicifolium,5.48040075076144E-006
3,42,Campanula cochleariifolia,1.1411750177E-005
3,42,Campanula scheuchzeri,3.55845912553784E-005
3,42,Carduus defloratus,8.68060343337567E-007
3,42,Centaurea jacea,4.98817670149114E-006
3,42,Dactylorhiza maculata,0.000011465
3,42,Euphrasia officinalis,1.66186818425184E-005
3,42,Galium album,5.81048741308E-005
3,42,Gymnadenia conopsea,2.27809270604911E-005
3,42,Gymnadenia odoratissima,0.000001795
3,42,Heracleum austriacum,0.001252516
3,42,Hypericum maculatum,8.17771418527923E-005
3,42,Leontodon hispidus,2.23966368890741E-005
3,42,Leontodon sp.,9.3627559250475E-006
3,42,Lotus corniculatus,4.75775414593253E-005
3,42,Melampyrum pratense,2.4405963912E-006
3,42,Pimpinella major,4.18244904487629E-005
3,42,Plantago media,2.33241389459075E-006
3,42,Potentilla erecta,1.77952374272E-005
3,42,Prunella vulgaris,3.16718069400383E-006
3,42,Ranunculus acris,0.0006519276
3,42,Rhinanthus glacialis,0.0002306576
3,42,Saxifraga caesia,0.000114292
3,42,Senecio abrotanifolius,1.20424574635152E-006
3,42,Thymus praecox,0.000005885
3,42,Tolpis staticifolia,2.71433605272E-005
3,42,Trifolium pratense,0.002215918
3,42,Trifolium repens,5.35068009961766E-006
3,42,Veronica chamaedrys,5.52195054678E-005
4,41,Aconitum lycoctonum,0.000054293
4,41,Aconitum napellus,2.12751890844E-005
4,41,Adenostyles alliariae,4.91912567898335E-006
4,41,Betonica alopecuros,3.17487935085002E-006
4,41,Buphthalmum salicifolium,8.6371115832E-006
4,41,Campanula scheuchzeri,0.0001857297
4,41,Carduus defloratus,9.39403329422E-005
4,41,Cicerbita alpina,1.5707963268E-006
4,41,Euphrasia officinalis,3.0682140968E-005
4,41,Galium album,1.61558750106E-005
4,41,Geum rivale,6.05636284166669E-008
4,41,Heracleum austriacum,0.0003716978
4,41,Heracleum sphondylium,3.14159265E-008
4,41,Hypericum maculatum,0.0004124185
4,41,Knautia dipsacifolia,1.02830713363333E-006
4,41,Leontodon hispidus,0.000187027
4,41,Lotus corniculatus,4.62144534572E-005
4,41,Myosotis alpestris,1.6715561443E-005
4,41,Ranunculus acris,4.93602325339502E-005
4,41,Saxifraga rotundifolia,0.0001314506
4,41,Silene pusilla,1.7539253609E-005
4,41,Silene vulgaris,6.60488895555003E-006
4,41,Solidago virgaurea,0.0001172895
4,41,Stellaria nemorum,2.6790685335E-006
4,41,Trifolium pratense,0.0003845808
5,44,Achillea clavennae,0.0003742993
5,44,Acinos alpinus,0.000007531
5,44,Allium lusitanicum,0.0002393442
5,44,Anthyllis vulneraria,2.274585432E-006
5,44,Betonica alopecuros,0.0001178233
5,44,Buphthalmum salicifolium,8.6371115832E-005
5,44,Campanula scheuchzeri,0.0001041898
5,44,Carduus defloratus,0.000107621
5,44,Erigeron glabratus,0.000187992
5,44,Euphrasia officinalis,9.58177693979837E-005
5,44,Galium album,7.34713232216671E-007
5,44,Gymnadenia conopsea,1.8859453195E-006
5,44,Gypsophila repens,1.06335511618E-005
5,44,Helianthemum nummularium,3.39626091404335E-005
5,44,Heracleum austriacum,0.0012418995
5,44,Hieracium aurantiacum,4.95389891666669E-008
5,44,Hieracium glanduliferum,4.3832551251E-006
5,44,Hieracium pilosum,7.30542520850003E-007
5,44,Hypericum maculatum,1.89025137488E-005
5,44,Leontodon hispidus,0.000055258
5,44,Leontopodium alpinum,4.71238898E-008
5,44,Ligusticum mutellina,1.16541526386667E-005
5,44,Lotus corniculatus,7.8266413113E-006
5,44,Myosotis alpestris,2.42254513666669E-006
5,44,Nigritella nigra,3.87284566131669E-006
5,44,Parnassia palustris,6.28067203313335E-006
5,44,Phyteuma orbiculare,1.69437316295333E-005
5,44,Pimpinella major,4.39435979648335E-006
5,44,Plantago media,2.35256595064E-005
5,44,Polygala alpestris,5.3171855884E-006
5,44,Polygonum viviparum,4.89572918595835E-005
5,44,Potentilla erecta,2.48391855754667E-005
5,44,Prunella vulgaris,0.000219625
5,44,Ranunculus montanus,5.25605118990835E-005
5,44,Rhinanthus glacialis,6.11948831676E-005
5,44,Scabiosa lucida,0.0001085588
5,44,Senecio abrotanifolius,0.0005010433
5,44,Silene vulgaris,4.261218681E-007
5,44,Solidago virgaurea,4.37328412895002E-006
5,44,Thymus praecox,9.31372854152E-005
5,44,Trifolium pratense,0.0001831337
5,44,Trifolium repens,3.45778445392E-005
6,43,Achillea clavennae,0.0001770421
6,43,Aconitum napellus,2.52150057099937E-006
6,43,Allium lusitanicum,6.73844543092754E-007
6,43,Anthyllis vulneraria,6.8492565142404E-007
6,43,Campanula scheuchzeri,0.0002400896
6,43,Carduus defloratus,1.27316545163114E-005
6,43,Crepis aurea,0.0001135248
6,43,Dryas octopetala,8.24158280960161E-007
6,43,Erigeron glabratus,0.000045854
6,43,Euphrasia minima,1.68513780343436E-006
6,43,Galium album,0.000004566
6,43,Gypsophila repens,5.75414325395418E-005
6,43,Helianthemum nummularium,4.37827990912804E-006
6,43,Heracleum austriacum,9.33773265676033E-007
6,43,Hieracium glanduliferum,4.58022962059765E-005
6,43,Hieracium pilosella,8.82206310243035E-006
6,43,Leontodon hispidus,0.0003400491
6,43,Leontopodium alpinum,4.61697156760289E-008
6,43,Lotus corniculatus,4.62524291358592E-006
6,43,Myosotis alpestris,8.30722532168521E-007
6,43,Nigritella nigra,3.5749344566E-006
6,43,Parnassia palustris,1.44788228373612E-006
6,43,Pedicularis rostratocapitata,8.29209119660357E-007
6,43,Phyteuma orbiculare,3.92230187735913E-006
6,43,Polygonum viviparum,1.34377186485173E-005
6,43,Potentilla aurea,0.000005086
6,43,Silene acaulis,2.418372272371E-007
6,43,Silene vulgaris,4.17493665676031E-007
6,43,Thesium alpinum,1.03779260924233E-007
6,43,Thymus praecox,1.30501233332482E-005
6,43,Trifolium pratense,8.24101740432E-005
3,46,Achillea millefolium,0.0005651454
3,46,Antennaria carpatica,6.0822044354E-006
3,46,Biscutella laevigata,6.74480108416883E-006
3,46,Buphthalmum salicifolium,5.48040075076144E-006
3,46,Campanula cochleariifolia,5.43071867560281E-007
3,46,Campanula scheuchzeri,0.0001105163
3,46,Carduus defloratus,8.68060343337567E-007
3,46,Centaurea jacea,3.42654484881098E-005
3,46,Dactylorhiza maculata,5.21137342219228E-006
3,46,Epipactis atrorubens,1.06526764762056E-006
3,46,Euphrasia officinalis,6.67336566054E-005
3,46,Galium album,7.61185057496493E-005
3,46,Gentiana utriculosa,5.04148611024748E-007
3,46,Gymnadenia conopsea,7.36188807479649E-006
3,46,Helianthemum nummularium,2.29676340867544E-005
3,46,Heracleum austriacum,0.0021940902
3,46,Hieracium glaucum,3.24292505123323E-005
3,46,Hypericum maculatum,0.0003558941
3,46,Leontodon hispidus,8.5012282604E-005
3,46,Lotus corniculatus,0.0001062215
3,46,Melampyrum pratense,5.423547536E-007
3,46,Parnassia palustris,1.05490535044416E-006
3,46,Plantago lanceolata,1.24960974592E-005
3,46,Plantago media,1.26957953110363E-005
3,46,Potentilla erecta,3.1670949605722E-005
3,46,Ranunculus acris,0.0006221252
3,46,Rhinanthus glacialis,0.0001603454
3,46,Saxifraga caesia,3.2828539086E-005
3,46,Thymus praecox,3.06964818316157E-006
3,46,Trifolium pratense,0.0021426645
3,46,Trifolium repens,8.6444611348E-006
3,46,Veronica chamaedrys,6.02951474787889E-005
4,45,Aconitum lycoctonum,4.70940680842335E-005
4,45,Aconitum napellus,9.52236285633E-005
4,45,Adenostyles alliariae,0.000118059
4,45,Betonica alopecuros,8.4663449356E-006
4,45,Buphthalmum salicifolium,8.6371115832E-006
4,45,Campanula scheuchzeri,0.0002808596
4,45,Carduus defloratus,0.0001404545
4,45,Cicerbita alpina,1.5707963268E-006
4,45,Crepis aurea,1.35421667021333E-005
4,45,Euphrasia officinalis,0.000028381
4,45,Galium album,9.2620763828E-006
4,45,Heracleum austriacum,0.0004517558
4,45,Heracleum sphondylium,1.4137166925E-007
4,45,Hypericum maculatum,0.000824837
4,45,Leontodon hispidus,0.0004420639
4,45,Lotus corniculatus,6.88247505787335E-005
4,45,Myosotis alpestris,1.26577983390833E-005
4,45,Parnassia palustris,3.69451296066669E-007
4,45,Potentilla erecta,1.1122023392E-006
4,45,Prunella vulgaris,1.66382559125E-006
4,45,Ranunculus acris,1.893694455705E-005
4,45,Saxifraga rotundifolia,8.66872760119E-005
4,45,Scabiosa lucida,1.11916306131667E-006
4,45,Silene dioica,0.000000474
4,45,Silene pusilla,7.15416923525003E-006
4,45,Silene vulgaris,1.214447324085E-005
4,45,Solidago virgaurea,0.0005036511
4,45,Stellaria graminea,3.599680845E-006
4,45,Trifolium pratense,0.0005768712
1,48,Acinos alpinus,1.24651027584E-005
1,48,Allium lusitanicum,1.12380827393791E-006
1,48,Anthericum ramosum,0.0006444025
1,48,Betonica alopecuros,8.4663449356E-006
1,48,Biscutella laevigata,2.92993893646255E-006
1,48,Buphthalmum salicifolium,0.000621872
1,48,Campanula cochleariifolia,9.48865894346856E-006
1,48,Campanula scheuchzeri,5.62104058207826E-005
1,48,Carduus defloratus,0.0001101902
1,48,Centaurea jacea,0.000880473
1,48,Clinopodium vulgare,3.166921744E-006
1,48,Crepis paludosa,0.000010396
1,48,Cuscuta epithymum,1.4676194502E-006
1,48,Dactylorhiza maculata,5.3680552375E-006
1,48,Euphrasia officinalis,0.0002416219
1,48,Galium album,0.0001372898
1,48,Gymnadenia conopsea,4.62241499877453E-006
1,48,Gypsophila repens,0.000001965
1,48,Heracleum austriacum,0.0003691298
1,48,Hieracium glaucum,0.0002339419
1,48,Hypericum maculatum,0.0001501812
1,48,Leucanthemum adustum,0.0002423227
1,48,Lotus corniculatus,0.000018587
1,48,Pimpinella major,0.003471573
1,48,Plantago lanceolata,0.000006248
1,48,Polygala alpestris,9.833164902E-007
1,48,Potentilla erecta,0.0001455422
1,48,Prenanthes purpurea,7.4796577276E-006
1,48,Prunella vulgaris,1.08746770669935E-005
1,48,Ranunculus acris,0.000071288
1,48,Rhinanthus glacialis,0.0001553409
1,48,Scabiosa lucida,2.86886112842089E-005
1,48,Silene dioica,3.87288667960242E-006
1,48,Silene vulgaris,1.45243499486373E-005
1,48,Teucrium montanum,2.3981463128E-006
1,48,Thymus praecox,0.000141497
1,48,Trifolium pratense,4.66013475102677E-005
1,48,Trifolium repens,1.72889222696E-005
1,48,Veronica chamaedrys,2.59275718709152E-007
2,47,Adenostyles alliariae,7.53736999199061E-005
2,47,Campanula scheuchzeri,0.0003080395
2,47,Centaurea jacea,4.22654111911292E-006
2,47,Cirsium arvense,2.30862104261721E-005
2,47,Coeloglossum viride,0.0002576499
2,47,Dactylorhiza maculata,8.83131668104843E-007
2,47,Euphrasia officinalis,0.0010002378
2,47,Galeobdolon luteum,0.0006534513
2,47,Galium album,0.0005182308
2,47,Gymnadenia conopsea,0.000028715
2,47,Heracleum austriacum,0.0001328151
2,47,Leontodon hispidus,0.000073723
2,47,Leucanthemum adustum,0.00007472
2,47,Lotus corniculatus,0.0003637645
2,47,Lysimachia nemorum,1.7596226328E-006
2,47,Melampyrum pratense,2.1694190144E-006
2,47,Melampyrum sylvaticum,2.1214888684E-005
2,47,Orchis ustulata,1.35606532732E-005
2,47,Parnassia palustris,8.93833780806456E-007
2,47,Pimpinella major,0.0061696812
2,47,Plantago media,3.95256376115593E-007
2,47,Potentilla erecta,0.0014169458
2,47,Prunella vulgaris,0.0008062398
2,47,Ranunculus acris,0.0003874313
2,47,Rhinanthus glacialis,0.0001434605
2,47,Scabiosa lucida,5.68607039217341E-005
2,47,Stellaria graminea,4.83828070564518E-006
2,47,Thymus praecox,0.0017350768
2,47,Trifolium pratense,0.0021642024
2,47,Trifolium repens,0.000112378
2,47,Veronica officinalis,1.3822876986E-006
5,50,Achillea clavennae,0.0001272128
5,50,Acinos alpinus,6.5788042336E-006
5,50,Allium lusitanicum,0.0003879027
5,50,Anthyllis vulneraria,5.03391857850002E-007
5,50,Betonica alopecuros,0.000018514
5,50,Buphthalmum salicifolium,2.01532603608E-005
5,50,Campanula scheuchzeri,0.0002899196
5,50,Carduus defloratus,0.0001021487
5,50,Erigeron glabratus,0.0001494876
5,50,Euphrasia officinalis,0.0001658753
5,50,Galium album,3.64425579255002E-006
5,50,Gypsophila repens,3.49388109602E-005
5,50,Helianthemum nummularium,3.30688562683169E-005
5,50,Heracleum austriacum,0.0001928063
5,50,Hieracium glanduliferum,1.4610850417E-006
5,50,Hieracium sp. 2,8.6747227148E-006
5,50,Hieracium sp. 4,7.22893559566671E-007
5,50,Hypericum maculatum,1.11696672152E-005
5,50,Leontodon hispidus,4.95904981856668E-005
5,50,Leontopodium alpinum,4.71238898E-008
5,50,Ligusticum mutellina,4.3703072395E-006
5,50,Lotus corniculatus,7.453944106E-007
5,50,Myosotis alpestris,6.05636284166669E-008
5,50,Parnassia palustris,3.95312886791335E-005
5,50,Phyteuma orbiculare,6.963177382E-007
5,50,Pimpinella major,1.318307938945E-005
5,50,Polygonum viviparum,1.9952405739E-005
5,50,Potentilla erecta,1.33464280704E-005
5,50,Prunella vulgaris,2.21843412166666E-006
5,50,Ranunculus montanus,1.6932245444E-005
5,50,Rhinanthus glacialis,9.57150736724E-005
5,50,Scabiosa lucida,0.0004163287
5,50,Senecio abrotanifolius,0.0005921421
5,50,Silene vulgaris,4.261218681E-007
5,50,Thesium alpinum,1.3618804155E-007
5,50,Thymus praecox,6.88294774084E-005
5,50,Trifolium pratense,0.0001411656
5,50,Trifolium repens,8.6444611348E-006
6,49,Achillea clavennae,6.44085757845789E-005
6,49,Aconitum napellus,3.27795074229917E-005
6,49,Campanula scheuchzeri,0.0003850494
6,49,Carduus defloratus,1.78714970751143E-006
6,49,Crepis aurea,2.80627605618646E-005
6,49,Dryas octopetala,8.24158280960161E-007
6,49,Erigeron glabratus,4.5299272896E-006
6,49,Euphrasia minima,5.95938219675508E-006
6,49,Galium album,5.275866294E-006
6,49,Gentianella aspera,2.64428834500328E-006
6,49,Gypsophila repens,1.48196995570257E-005
6,49,Helianthemum nummularium,1.16006904472256E-005
6,49,Heracleum austriacum,4.66886632838016E-007
6,49,Hieracium glanduliferum,1.23452619852588E-005
6,49,Hieracium pilosella,2.33734185630309E-007
6,49,Leontodon hispidus,0.0001242257
6,49,Lotus corniculatus,2.43433837557153E-006
6,49,Nigritella nigra,2.91879037932726E-007
6,49,Parnassia palustris,1.21245662440063E-005
6,49,Polygonum viviparum,2.216933971E-006
6,49,Scabiosa lucida,3.28950605873615E-006
6,49,Silene vulgaris,6.26240498514047E-007
6,49,Thesium alpinum,5.93024348138474E-008
6,49,Thymus praecox,6.54319496215666E-006
6,49,Trifolium pratense,2.33612119756687E-005
3,52,Achillea millefolium,0.0004340527
3,52,Biscutella laevigata,7.91179012944166E-007
3,52,Buphthalmum salicifolium,2.74020037538073E-006
3,52,Campanula cochleariifolia,2.35331142609456E-006
3,52,Campanula scheuchzeri,0.000260967
3,52,Centaurea jacea,8.14735527910217E-005
3,52,Epipactis atrorubens,1.06526764762056E-006
3,52,Euphrasia officinalis,1.99106339913866E-005
3,52,Galium album,0.00014724
3,52,Gymnadenia conopsea,2.4599286776087E-005
3,52,Heracleum austriacum,0.000642909
3,52,Hypericum maculatum,0.000028622
3,52,Leontodon hispidus,8.09127055241121E-006
3,52,Lotus corniculatus,9.88056812450735E-005
3,52,Melampyrum pratense,4.06844617463751E-006
3,52,Parnassia palustris,2.10981070088832E-006
3,52,Pimpinella major,0.000083649
3,52,Plantago media,4.66482778918149E-007
3,52,Potentilla erecta,7.25349351652178E-006
3,52,Prunella vulgaris,1.05572689800127E-006
3,52,Ranunculus acris,0.0005668936
3,52,Rhinanthus glacialis,0.0001367683
3,52,Saxifraga caesia,3.8004380098047E-006
3,52,Senecio abrotanifolius,1.6503402576087E-005
3,52,Thesium alpinum,7.89495893043482E-007
3,52,Thymus praecox,3.8936992230435E-006
3,52,Tolpis staticifolia,1.00467176232234E-005
3,52,Trifolium pratense,0.001482985
3,52,Veronica chamaedrys,8.11068924062242E-006
4,51,Aconitum lycoctonum,0.000031646
4,51,Aconitum napellus,0.0002299093
4,51,Adenostyles alliariae,9.34633879006837E-005
4,51,Betonica alopecuros,1.05829311695E-006
4,51,Buphthalmum salicifolium,1.15161487776E-005
4,51,Campanula scheuchzeri,0.0003714594
4,51,Carduus defloratus,0.0001559592
4,51,Crepis aurea,1.04170513093333E-006
4,51,Euphrasia officinalis,4.14208903068E-005
4,51,Galium album,7.034488392E-007
4,51,Gentiana pannonica,3.68155389093335E-006
4,51,Gypsophila repens,2.40520800088336E-006
4,51,Heracleum austriacum,0.0038107601
4,51,Heracleum sphondylium,3.14159265E-008
4,51,Hypericum maculatum,0.0007320428
4,51,Leontodon hispidus,0.000374054
4,51,Lotus corniculatus,5.64015104020669E-005
4,51,Myosotis alpestris,2.84649053558335E-006
4,51,Parnassia palustris,1.29307953623333E-005
4,51,Ranunculus acris,3.7253005686E-006
4,51,Saxifraga rotundifolia,1.06897604330667E-005
4,51,Scabiosa lucida,5.26006638818835E-005
4,51,Silene dioica,5.688495955E-006
4,51,Silene pusilla,2.3077965275E-007
4,51,Silene vulgaris,8.30937642795004E-006
4,51,Solidago virgaurea,0.0008775504
4,51,Trifolium pratense,0.0003021706
1,54,Acinos alpinus,1.0387585632E-005
1,54,Adenostyles alliariae,8.03778705716232E-005
1,54,Allium lusitanicum,1.12380827393791E-006
1,54,Anthericum ramosum,0.0003490514
1,54,Biscutella laevigata,8.2295276196E-006
1,54,Buphthalmum salicifolium,0.0004836782
1,54,Campanula cochleariifolia,7.67247517346889E-006
1,54,Campanula scheuchzeri,1.40908448618422E-005
1,54,Carduus defloratus,8.83011708784069E-005
1,54,Centaurea jacea,0.0009867185
1,54,Clinopodium vulgare,4.4336904416E-006
1,54,Crepis paludosa,1.48634983245915E-005
1,54,Cuscuta epithymum,0.000014187
1,54,Dactylorhiza maculata,2.33392691230939E-007
1,54,Dryas octopetala,1.37449491083878E-006
1,54,Eupatorium cannabinum,0.000016971
1,54,Euphrasia officinalis,0.0002669346
1,54,Galium album,5.72138389342E-005
1,54,Gymnadenia conopsea,1.5408049995915E-006
1,54,Gypsophila repens,5.17115583265253E-007
1,54,Heracleum austriacum,0.0004175617
1,54,Hieracium glaucum,3.75632140239459E-005
1,54,Hypericum maculatum,0.0001192498
1,54,Leucanthemum adustum,8.97103245482836E-005
1,54,Lotus corniculatus,0.000010943
1,54,Pimpinella major,0.0024784189
1,54,Plantago lanceolata,4.25384581263619E-007
1,54,Potentilla erecta,0.0002713774
1,54,Prenanthes purpurea,1.78232584739924E-006
1,54,Prunella vulgaris,2.71866926674838E-006
1,54,Ranunculus acris,9.19435021598808E-005
1,54,Rhinanthus glacialis,0.0001324638
1,54,Scabiosa lucida,0.000032346
1,54,Silene dioica,5.03475268348314E-006
1,54,Silene vulgaris,1.02269248344E-005
1,54,Solidago virgaurea,2.14913957883987E-007
1,54,Teucrium montanum,3.5972194692E-006
1,54,Thymus praecox,4.91273593398E-005
1,54,Trifolium pratense,0.0001527411
2,53,Adenostyles alliariae,4.36374052167879E-005
2,53,Campanula scheuchzeri,0.0002582096
2,53,Centaurea jacea,2.81769407940862E-006
2,53,Cirsium arvense,1.74483617410161E-005
2,53,Euphrasia officinalis,0.0015878008
2,53,Galium album,0.0001043918
2,53,Gymnadenia conopsea,0.000028715
2,53,Heracleum austriacum,2.02758221634435E-005
2,53,Hieracium sp. 1,1.74893603120968E-006
2,53,Knautia dipsacifolia,2.72667246402129E-005
2,53,Leontodon hispidus,0.0002380344
2,53,Leucanthemum adustum,0.0001122333
2,53,Lotus corniculatus,0.0002623788
2,53,Melampyrum pratense,8.135321304E-007
2,53,Melampyrum sylvaticum,3.16294704016E-005
2,53,Orchis ustulata,1.82266845069892E-006
2,53,Parnassia palustris,8.93833780806456E-007
2,53,Pimpinella major,0.0075897681
2,53,Potentilla erecta,0.0012968279
2,53,Prunella vulgaris,0.000505803
2,53,Ranunculus acris,0.0004507614
2,53,Rhinanthus glacialis,0.000282139
2,53,Stellaria graminea,1.20957017641129E-005
2,53,Thymus praecox,0.0014704944
2,53,Trifolium pratense,0.0020510977
2,53,Trifolium repens,0.0001469558
5,56,Achillea clavennae,0.000067276
5,56,Achillea millefolium,5.2328280422E-006
5,56,Acinos alpinus,6.925057088E-007
5,56,Allium lusitanicum,0.0003301299
5,56,Anthyllis vulneraria,2.42373857483335E-007
5,56,Betonica alopecuros,1.13127859748333E-006
5,56,Buphthalmum salicifolium,4.03065207216E-005
5,56,Campanula scheuchzeri,0.000697619
5,56,Carduus defloratus,5.0162313707E-005
5,56,Erigeron glabratus,5.73790790016E-005
5,56,Euphrasia officinalis,9.53064003818504E-005
5,56,Galium album,2.344829464E-007
5,56,Gentianella aspera,1.3494684854E-005
5,56,Gypsophila repens,1.13930905305E-006
5,56,Helianthemum nummularium,0.00000715
5,56,Heracleum austriacum,0.0002721971
5,56,Hieracium sp. 2,7.22893559566671E-007
5,56,Hypericum maculatum,9.4512568744E-006
5,56,Leontodon hispidus,1.41687137673333E-005
5,56,Lotus corniculatus,6.08738768656669E-006
5,56,Parnassia palustris,5.28315353375335E-005
5,56,Phyteuma orbiculare,2.32105912733335E-007
5,56,Pimpinella major,0.0002109293
5,56,Plantago media,1.22529476595833E-005
5,56,Polygonum viviparum,6.650801913E-006
5,56,Potentilla erecta,0.000005561
5,56,Prunella vulgaris,1.56794331352E-005
5,56,Ranunculus montanus,5.57353079198335E-005
5,56,Rhinanthus glacialis,4.07965887784E-005
5,56,Scabiosa lucida,0.0001152738
5,56,Senecio abrotanifolius,0.0001670144
5,56,Thymus praecox,0.000035822
5,56,Trifolium pratense,0.0001098802
5,56,Trifolium repens,3.45778445392E-005
6,55,Achillea clavennae,5.33254686683281E-005
6,55,Aconitum napellus,0.0001584343
6,55,Adenostyles alliariae,4.81952221977468E-006
6,55,Anthyllis vulneraria,2.00932957266492E-007
6,55,Campanula scheuchzeri,0.0007519789
6,55,Carduus defloratus,2.68072456126716E-006
6,55,Crepis aurea,1.35210740443548E-005
6,55,Dryas octopetala,8.24158280960161E-007
6,55,Erigeron glabratus,7.90444203407346E-006
6,55,Euphrasia minima,4.81258233436E-005
6,55,Galium album,8.54231635235798E-007
6,55,Gentianella aspera,1.07957478832E-005
6,55,Gypsophila repens,1.04797580825727E-005
6,55,Helianthemum nummularium,8.75655981825608E-007
6,55,Heracleum austriacum,4.66886632838016E-007
6,55,Hieracium glanduliferum,1.43150069402351E-006
6,55,Hypericum maculatum,1.68361561802743E-006
6,55,Leontodon hispidus,0.000051707
6,55,Lotus corniculatus,3.164639888243E-006
6,55,Myosotis alpestris,0.000000534
6,55,Parnassia palustris,3.1940283179219E-005
6,55,Polygonum viviparum,0.000000181
6,55,Primula minima,0.000000513
6,55,Scabiosa lucida,1.42545262545232E-005
6,55,Senecio abrotanifolius,4.95856641737429E-006
6,55,Silene vulgaris,1.04373416419007E-006
6,55,Thymus praecox,9.87052934672898E-007
6,55,Trifolium pratense,1.21471125249829E-005
3,58,Achillea millefolium,0.0001820114
3,58,Antennaria carpatica,4.17606838642134E-007
3,58,Biscutella laevigata,1.63180671419734E-006
3,58,Buphthalmum salicifolium,2.74020037538073E-006
3,58,Campanula cochleariifolia,2.48081525586959E-006
3,58,Campanula scheuchzeri,8.86303017430439E-005
3,58,Carduus defloratus,8.68060343337567E-007
3,58,Centaurea jacea,0.0003983312
3,58,Epipactis atrorubens,8.19436651967009E-007
3,58,Euphrasia officinalis,5.7136472854122E-005
3,58,Galium album,4.53658001587908E-005
3,58,Gymnadenia conopsea,0.00000718
3,58,Heracleum austriacum,7.60316741200634E-005
3,58,Hieracium glaucum,2.19003177757719E-005
3,58,Hypericum maculatum,6.2150627808122E-005
3,58,Leontodon hispidus,0.0002217712
3,58,Leucanthemum adustum,1.13057389860406E-006
3,58,Lotus corniculatus,0.000056758
3,58,Melampyrum pratense,1.18295968623096E-007
3,58,Parnassia palustris,7.38433745310917E-006
3,58,Pimpinella major,9.61963280321546E-005
3,58,Plantago media,6.8593250360921E-006
3,58,Potentilla erecta,6.77637074079457E-006
3,58,Prunella vulgaris,2.11145379600254E-006
3,58,Ranunculus acris,0.0004980565
3,58,Ranunculus alpestris,4.1391319830435E-006
3,58,Rhinanthus glacialis,0.0001731532
3,58,Thymus praecox,1.94684961152174E-006
3,58,Trifolium pratense,0.0010151978
3,58,Trifolium repens,1.40942301110869E-005
3,58,Veronica chamaedrys,6.96421389945283E-006
4,57,Achillea clavennae,1.22320047541667E-006
4,57,Aconitum lycoctonum,0.000023247
4,57,Aconitum napellus,0.0003721442
4,57,Adenostyles alliariae,0.000039353
4,57,Buphthalmum salicifolium,1.72742231664E-005
4,57,Campanula scheuchzeri,0.0001585498
4,57,Carduus defloratus,0.0001468388
4,57,Crepis aurea,1.04170513093333E-006
4,57,Euphrasia officinalis,0.00005184
4,57,Galium album,3.517244196E-007
4,57,Gentiana pannonica,5.5223308364E-006
4,57,Heracleum austriacum,0.0017012322
4,57,Heracleum sphondylium,3.14159265E-008
4,57,Hypericum maculatum,0.0007011114
4,57,Knautia dipsacifolia,4.93587424144E-005
4,57,Leontodon hispidus,0.0002210319
4,57,Lotus corniculatus,1.67713742385E-005
4,57,Myosotis alpestris,4.23945398916669E-007
4,57,Parnassia palustris,3.50978731263335E-005
4,57,Potentilla erecta,3.70734113066669E-007
4,57,Ranunculus acris,1.49012022744E-005
4,57,Saxifraga rotundifolia,1.33622005413333E-006
4,57,Scabiosa lucida,0.000205926
4,57,Silene pusilla,0.000001077
4,57,Silene vulgaris,4.90040148315002E-006
4,57,Solidago virgaurea,0.0004924713
4,57,Trifolium pratense,0.0001922904
1,60,Acinos alpinus,1.69731791372549E-006
1,60,Anthericum ramosum,9.32295272520837E-005
1,60,Betonica alopecuros,1.36847776E-006
1,60,Biscutella laevigata,5.0935380898693E-007
1,60,Buphthalmum salicifolium,0.0001079639
1,60,Campanula cochleariifolia,6.46417221355122E-006
1,60,Campanula scheuchzeri,0.000005243
1,60,Carduus defloratus,3.56918423435133E-005
1,60,Centaurea jacea,0.0012665535
1,60,Clinopodium vulgare,9.05574028104579E-007
1,60,Crepis paludosa,7.78564197954797E-006
1,60,Cuscuta epithymum,1.50418513639338E-005
1,60,Dryas octopetala,6.87247455419394E-007
1,60,Eupatorium cannabinum,4.8084533277778E-005
1,60,Euphrasia officinalis,0.0003804352
1,60,Galium album,1.944254430625E-005
1,60,Galium uliginosum,0.000019635
1,60,Gentianella aspera,0.00000294
1,60,Gypsophila repens,2.068462333061E-006
1,60,Heracleum austriacum,1.16797946875E-005
1,60,Hieracium glaucum,2.12365524784858E-006
1,60,Hypericum maculatum,0.0001733152
1,60,Knautia dipsacifolia,8.4012020721678E-007
1,60,Leontodon hispidus,1.1575746541939E-006
1,60,Leucanthemum adustum,2.71731835498911E-005
1,60,Lotus corniculatus,1.55290502208333E-006
1,60,Pimpinella major,0.0010910506
1,60,Plantago media,6.12647382979169E-006
1,60,Potentilla erecta,0.0001459766
1,60,Prenanthes purpurea,4.07388765119828E-006
1,60,Prunella vulgaris,1.38652132604167E-005
1,60,Ranunculus acris,6.28492293640443E-005
1,60,Rhinanthus glacialis,0.0001139465
1,60,Scabiosa lucida,1.3715233594567E-005
1,60,Silene dioica,7.74577335920483E-007
1,60,Silene vulgaris,5.32652335125002E-006
1,60,Solidago virgaurea,1.93422562095588E-006
1,60,Thymus praecox,0.0001007495
1,60,Trifolium repens,9.88745554633991E-006
2,59,Adenostyles alliariae,3.57033315410082E-005
2,59,Campanula scheuchzeri,0.0001223098
2,59,Cirsium arvense,0.000097693
2,59,Euphrasia officinalis,0.0019398784
2,59,Galium album,3.44932608528631E-005
2,59,Gymnadenia conopsea,2.56731911235161E-005
2,59,Heracleum austriacum,0.0001640866
2,59,Hieracium sp. 1,4.08085073948927E-006
2,59,Knautia dipsacifolia,6.34565015045346E-005
2,59,Leontodon hispidus,0.0001371623
2,59,Leucanthemum adustum,5.62890618905335E-005
2,59,Listera ovata,9.12141692903418E-005
2,59,Lotus corniculatus,9.24289069144E-005
2,59,Melampyrum pratense,1.0847095072E-006
2,59,Melampyrum sylvaticum,5.98185204389034E-006
2,59,Parnassia palustris,5.62519392720862E-006
2,59,Pimpinella major,0.0083739487
2,59,Potentilla erecta,0.0008786398
2,59,Prunella vulgaris,0.0004991477
2,59,Ranunculus acris,0.0001899903
2,59,Rhinanthus glacialis,0.0009097656
2,59,Thymus praecox,0.000757636
2,59,Trifolium pratense,0.0011995259
2,59,Trifolium repens,0.0001728892
5,62,Achillea clavennae,4.89280190166669E-006
5,62,Achillea millefolium,2.09313121688E-005
5,62,Acinos alpinus,1.731264272E-007
5,62,Allium lusitanicum,0.000165065
5,62,Anthyllis vulneraria,3.72882857666669E-008
5,62,Buphthalmum salicifolium,5.7580743888E-006
5,62,Campanula scheuchzeri,0.0004620593
5,62,Carduus defloratus,1.3680631011E-005
5,62,Carlina acaulis,9.6300875856667E-006
5,62,Erigeron glabratus,9.28635094368E-005
5,62,Euphrasia minima,1.913551624E-007
5,62,Euphrasia officinalis,0.0002317141
5,62,Gentianella aspera,0.0001430437
5,62,Gypsophila repens,1.06335511618E-005
5,62,Helianthemum nummularium,8.93752872116671E-007
5,62,Heracleum austriacum,1.42960686975E-006
5,62,Hieracium sp. 2,1.87952325487333E-005
5,62,Hypericum maculatum,3.4368206816E-006
5,62,Leontodon hispidus,0.000055258
5,62,Ligusticum mutellina,1.45676907983333E-006
5,62,Lotus corniculatus,2.9815776424E-006
5,62,Parnassia palustris,0.0001152688
5,62,Plantago media,9.31224022128337E-006
5,62,Potentilla erecta,1.77952374272E-005
5,62,Ranunculus montanus,1.51684698769167E-005
5,62,Rhinanthus glacialis,4.90156817448E-005
5,62,Scabiosa lucida,9.51288602119171E-005
5,62,Senecio abrotanifolius,0.0001973807
5,62,Thesium alpinum,7.56600230833337E-008
5,62,Thymus praecox,9.7231232016E-006
5,62,Trifolium pratense,3.66267440192E-005
5,62,Trifolium repens,7.20371761233337E-007
6,61,Achillea clavennae,5.51511464394953E-005
6,61,Aconitum napellus,0.0003217542
6,61,Adenostyles alliariae,4.81952221977468E-006
6,61,Anthyllis vulneraria,1.27866427351404E-007
6,61,Campanula scheuchzeri,0.0007746288
6,61,Carduus defloratus,1.45188042238229E-005
6,61,Carlina acaulis,1.41526434145983E-005
6,61,Crepis aurea,1.45416865175096E-005
6,61,Dryas octopetala,4.1207914048008E-006
6,61,Erigeron glabratus,3.26341169435947E-005
6,61,Euphrasia minima,7.54896115668E-005
6,61,Galium album,7.034488392E-007
6,61,Gentianella aspera,0.0002509465
6,61,Gypsophila repens,9.67408079010455E-006
6,61,Helianthemum nummularium,8.75655981825608E-007
6,61,Hieracium glanduliferum,7.15750347011761E-007
6,61,Hypericum maculatum,1.68361561802743E-006
6,61,Knautia dipsacifolia,1.23396856036E-005
6,61,Leontodon hispidus,4.92749180815087E-005
6,61,Leontopodium alpinum,4.61697156760289E-008
6,61,Lotus corniculatus,3.46844531751432E-006
6,61,Myosotis alpestris,0.000000356
6,61,Parnassia palustris,8.8668311056E-005
6,61,Polygonum viviparum,0.000000181
6,61,Primula minima,1.51313548188415E-005
6,61,Scabiosa lucida,2.90529175107575E-005
6,61,Senecio abrotanifolius,8.08742182673747E-005
6,61,Silene vulgaris,6.26240498514047E-007
6,61,Solidago virgaurea,4.28473298068258E-006
6,61,Thesium alpinum,3.9948492188E-006
6,61,Thymus praecox,1.60859879724037E-006
6,61,Trifolium pratense,5.49401160288E-005
3,64,Achillea millefolium,0.0005394594
3,64,Antennaria carpatica,5.2651870216E-006
3,64,Biscutella laevigata,1.08787114260787E-006
3,64,Buphthalmum salicifolium,2.74020037538073E-006
3,64,Campanula cochleariifolia,0.000000181
3,64,Campanula scheuchzeri,1.86201116439693E-005
3,64,Carduus defloratus,1.73612068667513E-006
3,64,Carlina acaulis,4.58284624952413E-006
3,64,Centaurea jacea,0.0012578186
3,64,Epipactis atrorubens,1.06526764762056E-006
3,64,Euphrasia minima,3.6357480856E-006
3,64,Euphrasia officinalis,0.000164073
3,64,Galium album,2.51444276332489E-006
3,64,Gentiana utriculosa,0.000000168
3,64,Gentianella aspera,8.56261729314725E-007
3,64,Gymnadenia conopsea,2.24374839736677E-007
3,64,Heracleum austriacum,0.0012138767
3,64,Hieracium glaucum,0.000008659
3,64,Hypericum maculatum,4.12418481792E-005
3,64,Leontodon hispidus,0.0001360197
3,64,Leucanthemum adustum,1.13057389860406E-006
3,64,Lotus corniculatus,9.92405631970534E-005
3,64,Melampyrum pratense,3.22625368972083E-008
3,64,Parnassia palustris,3.10339088696E-005
3,64,Pimpinella major,0.0001923927
3,64,Plantago media,6.81438043443633E-006
3,64,Potentilla erecta,8.8976187136E-006
3,64,Prunella vulgaris,1.5835903470019E-006
3,64,Ranunculus acris,0.0003129252
3,64,Ranunculus alpestris,0.000003808
3,64,Rhinanthus glacialis,0.0006762819
3,64,Saxifraga caesia,2.89309601364215E-007
3,64,Thymus praecox,1.42060726729061E-007
3,64,Trifolium pratense,0.0006959081
3,64,Trifolium repens,9.33009415627847E-006
3,64,Veronica chamaedrys,1.14247252692E-005
4,63,Aconitum lycoctonum,1.07986466936E-005
4,63,Aconitum napellus,0.0004117779
4,63,Adenostyles alliariae,4.91912567898335E-006
4,63,Betonica alopecuros,7.29854805333337E-007
4,63,Buphthalmum salicifolium,1.72742231664E-005
4,63,Campanula scheuchzeri,8.15398776036E-005
4,63,Carduus defloratus,5.56345661114E-005
4,63,Crepis aurea,1.04170513093333E-006
4,63,Euphrasia officinalis,7.04410819723669E-005
4,63,Galium album,3.61494542366669E-007
4,63,Heracleum austriacum,3.6216707367E-005
4,63,Heracleum sphondylium,1.570796325E-008
4,63,Hypericum maculatum,0.0004639708
4,63,Leontodon hispidus,7.08435688366669E-005
4,63,Lotus corniculatus,4.0996692583E-006
4,63,Myosotis alpestris,2.42254513666668E-007
4,63,Parnassia palustris,4.06396425673335E-005
4,63,Scabiosa lucida,0.0001835427
4,63,Silene pusilla,3.84632754583335E-007
4,63,Silene vulgaris,2.34367027455E-006
4,63,Solidago virgaurea,4.7349843201E-005
4,63,Trifolium pratense,4.88356586922669E-005
1,66,Acinos alpinus,9.19380536601311E-007
1,66,Allium lusitanicum,2.24761654787584E-006
1,66,Anthericum ramosum,1.09681796767157E-005
1,66,Betonica alopecuros,8.64618559599677E-007
1,66,Biscutella laevigata,8.48923014978218E-008
1,66,Buphthalmum salicifolium,3.52823185588237E-005
1,66,Campanula cochleariifolia,9.32332530800658E-007
1,66,Campanula scheuchzeri,9.25243709191181E-007
1,66,Carduus defloratus,2.50364489090196E-005
1,66,Carlina acaulis,7.86771861574078E-006
1,66,Centaurea jacea,0.0006114396
1,66,Clinopodium vulgare,4.31225727668847E-007
1,66,Crepis paludosa,2.83114253801745E-006
1,66,Cuscuta epithymum,3.90685733270835E-006
1,66,Erigeron glabratus,1.54205041176471E-007
1,66,Eupatorium cannabinum,7.3541050895425E-005
1,66,Euphrasia officinalis,0.0003371839
1,66,Galium album,0.000033023
1,66,Gentianella aspera,0.000006615
1,66,Gypsophila repens,1.0342311665305E-006
1,66,Heracleum austriacum,0.00000985
1,66,Hieracium glaucum,2.12365524784858E-006
1,66,Hypericum maculatum,5.1383838621961E-005
1,66,Knautia dipsacifolia,5.04072124330067E-006
1,66,Leucanthemum adustum,1.06751792517429E-005
1,66,Lotus corniculatus,8.82009453719231E-006
1,66,Pimpinella major,0.0006042245
1,66,Plantago lanceolata,1.30167681866667E-005
1,66,Potentilla erecta,4.40246759266669E-005
1,66,Prenanthes purpurea,4.32850562939817E-006
1,66,Prunella vulgaris,9.06223088916126E-007
1,66,Ranunculus acris,5.43272999587502E-005
1,66,Rhinanthus glacialis,0.000114386
1,66,Scabiosa lucida,1.64582803134804E-005
1,66,Silene dioica,7.08738262367243E-006
1,66,Silene vulgaris,5.32652335125002E-006
1,66,Solidago virgaurea,1.17343021004657E-005
1,66,Thymus praecox,4.18456782570835E-005
1,66,Trifolium pratense,6.23412718191724E-007
2,65,Adenostyles alliariae,2.77692578652286E-005
2,65,Campanula scheuchzeri,3.47543026703518E-005
2,65,Cirsium arvense,0.0001617817
2,65,Euphrasia officinalis,0.00229349
2,65,Galium album,1.34827694208E-005
2,65,Gymnadenia conopsea,3.80230911209679E-007
2,65,Heracleum austriacum,0.0001051837
2,65,Hieracium sp. 1,3.49787206241937E-006
2,65,Knautia dipsacifolia,5.55617564140593E-005
2,65,Leontodon hispidus,0.0002074574
2,65,Leucanthemum adustum,4.67095755238669E-005
2,65,Listera ovata,2.9738537227E-005
2,65,Lotus corniculatus,3.42881428876E-005
2,65,Melampyrum pratense,1.2202981956E-006
2,65,Melampyrum sylvaticum,2.1214888684E-006
2,65,Parnassia palustris,7.11491689521939E-006
2,65,Pimpinella major,0.007804383
2,65,Plantago lanceolata,4.19895747956991E-007
2,65,Potentilla erecta,0.0005872428
2,65,Prunella vulgaris,0.0003409996
2,65,Ranunculus acris,0.0002384192
2,65,Rhinanthus glacialis,0.0006919729
2,65,Thymus praecox,0.0004958793
2,65,Trifolium pratense,0.0008881985
2,65,Trifolium repens,9.94113030502E-005
2,68,Campanula scheuchzeri,2.73991524205648E-006
2,68,Cirsium arvense,0.0002493132
2,68,Euphrasia officinalis,0.0018501331
2,68,Galium album,6.213798081E-006
2,68,Heracleum austriacum,0.000045732
2,68,Hieracium sp. 1,0.000001166
2,68,Knautia dipsacifolia,5.30739165746239E-005
2,68,Leontodon hispidus,7.50027719103034E-005
2,68,Leucanthemum adustum,1.05374350033333E-005
2,68,Lotus corniculatus,2.192100766657E-006
2,68,Melampyrum sylvaticum,1.1571757464E-006
2,68,Parnassia palustris,2.08561215521505E-006
2,68,Pimpinella major,0.0039260061
2,68,Potentilla erecta,0.0002602553
2,68,Prunella vulgaris,0.0001996591
2,68,Ranunculus acris,0.0002011662
2,68,Rhinanthus glacialis,0.0004613153
2,68,Thymus praecox,0.0002827678
2,68,Trifolium pratense,0.0004578343
2,68,Trifolium repens,6.05112279436E-005
