Site,Period,Habitat.EUNIS,Flower.species,Inflorescence.Type.counted,Floral.abundance,Country,Time..s.,Distance..m.,Weighted.floral.ab
FR_V02,A,Intensive.unmixed.crops,Lamium.purpureum,single.flower,150,FR,6800,944.4444445,14166.666667500001
FR_V02,A,Intensive.unmixed.crops,Sinapis.sp,flower.head,5,FR,6800,944.4444445,472.2222222500001
FR_V02,A,Intensive.unmixed.crops,Sinapis.sp,single.flower,8.833333333333332,FR,6800,944.4444445,834.2592593083333
FR_V02,A,Intensive.unmixed.crops,Taraxacum.officinale,capitulum,2.5,FR,6800,944.4444445,236.11111112500004
FR_V02,A,Intensive.unmixed.crops,Vicia.faba,single.flower,5,FR,6800,944.4444445,472.2222222500001
FR_V02,A,semi.natural.grass,Stellaria.media,single.flower,150,FR,400,55.55555556,833.3333334000001
FR_V02,A,semi.natural.grass,Veronica.hederifolia,single.flower,54,FR,400,55.55555556,300.00000002400003
FR_V02,B,Intensive.unmixed.crops,Galium.aparine,cyme,12.958333333333332,FR,7200,1000,1295.8333333333333
FR_V02,B,Intensive.unmixed.crops,Sinapis.sp,single.flower,5.2,FR,7200,1000,520
FR_V02,B,Intensive.unmixed.crops,Veronica.hederifolia,single.flower,5,FR,7200,1000,500
FR_V02,B,Intensive.unmixed.crops,Vicia.faba,single.flower,22.916666666666668,FR,7200,1000,2291.666666666667
FR_V02,C,Intensive.unmixed.crops,Erigeron.annuus,capitulum,2,FR,7200,1000,200
FR_V02,C,Intensive.unmixed.crops,Helianthus.annuus,capitulum,1,FR,7200,1000,100
FR_V02,C,Intensive.unmixed.crops,Lysimachia.foemina,single.flower,3,FR,7200,1000,300
FR_V02,C,Intensive.unmixed.crops,Medicago.sativa,flower.head,180,FR,7200,1000,18000
FR_V02,C,Intensive.unmixed.crops,Myosotis.arvensis,cyme,33.5,FR,7200,1000,3350
FR_V02,C,Intensive.unmixed.crops,Plantago.lanceolata,flower.head,8,FR,7200,1000,800
FR_V02,C,Intensive.unmixed.crops,Stellaria.media,single.flower,1,FR,7200,1000,100
FR_V02,C,Intensive.unmixed.crops,Trifolium.pratense,flower.head,4,FR,7200,1000,400
FR_V02,C,Intensive.unmixed.crops,Veronica.persica,single.flower,1,FR,7200,1000,100
FR_V03,A,Meso.and.eutrophic.Quercus.Carpinus.Fraxinus.Acer.Tilia.Ulmus.and.related.woodland,Ajuga.reptans,single.flower,22,FR,6702,930.8333332,2047.83333304
FR_V03,A,Meso.and.eutrophic.Quercus.Carpinus.Fraxinus.Acer.Tilia.Ulmus.and.related.woodland,Cardamine.sp,single.flower,4,FR,6702,930.8333332,372.33333328
FR_V03,A,Meso.and.eutrophic.Quercus.Carpinus.Fraxinus.Acer.Tilia.Ulmus.and.related.woodland,Fragaria.moschata,single.flower,3.3333333333333335,FR,6702,930.8333332,310.2777777333333
FR_V03,A,Meso.and.eutrophic.Quercus.Carpinus.Fraxinus.Acer.Tilia.Ulmus.and.related.woodland,Geranium.robertianum,single.flower,1,FR,6702,930.8333332,93.08333332
FR_V03,A,Meso.and.eutrophic.Quercus.Carpinus.Fraxinus.Acer.Tilia.Ulmus.and.related.woodland,Polygonatum.multiflorum,single.flower,5,FR,6702,930.8333332,465.4166666
FR_V03,A,Meso.and.eutrophic.Quercus.Carpinus.Fraxinus.Acer.Tilia.Ulmus.and.related.woodland,Stellaria.holostea,single.flower,26.11111111111111,FR,6702,930.8333332,2430.509258911111
FR_V03,A,Meso.and.eutrophic.Quercus.Carpinus.Fraxinus.Acer.Tilia.Ulmus.and.related.woodland,Taraxacum.officinale,capitulum,1.5,FR,6702,930.8333332,139.62499997999998
FR_V03,A,Meso.and.eutrophic.Quercus.Carpinus.Fraxinus.Acer.Tilia.Ulmus.and.related.woodland,Verbascum.nigrum,single.flower,3,FR,6702,930.8333332,279.24999995999997
FR_V03,A,Meso.and.eutrophic.Quercus.Carpinus.Fraxinus.Acer.Tilia.Ulmus.and.related.woodland,Veronica.chamaedrys,single.flower,9.5,FR,6702,930.8333332,884.29166654
FR_V03,A,Meso.and.eutrophic.Quercus.Carpinus.Fraxinus.Acer.Tilia.Ulmus.and.related.woodland,Vicia.cracca,single.flower,10,FR,6702,930.8333332,930.8333332
FR_V03,A,Meso.and.eutrophic.Quercus.Carpinus.Fraxinus.Acer.Tilia.Ulmus.and.related.woodland,Viola.reichenbachiana,single.flower,16,FR,6702,930.8333332,1489.33333312
FR_V03,A,semi.natural.grass,Ajuga.reptans,single.flower,29,FR,344,47.77777778,138.555555562
FR_V03,A,semi.natural.grass,Glechoma.hederacea,single.flower,32,FR,344,47.77777778,152.888888896
FR_V03,A,semi.natural.grass,Veronica.chamaedrys,single.flower,3,FR,344,47.77777778,14.333333333999999
FR_V03,A,Temporary.running.waters,Ranunculus.acris,single.flower,9,FR,154,21.38888889,19.250000001
FR_V03,B,Intensive.unmixed.crops,Ervilia.hirsuta,single.flower,2,FR,4546,631.388889,126.2777778
FR_V03,B,Intensive.unmixed.crops,Galium.aparine,cyme,2,FR,4546,631.388889,126.2777778
FR_V03,B,Intensive.unmixed.crops,Geranium.columbinum,single.flower,1,FR,4546,631.388889,63.1388889
FR_V03,B,Intensive.unmixed.crops,Lactuca.serriola,capitulum,2,FR,4546,631.388889,126.2777778
FR_V03,B,Intensive.unmixed.crops,Myosotis.arvensis,cyme,1,FR,4546,631.388889,63.1388889
FR_V03,B,Intensive.unmixed.crops,Papaver.rhoeas,single.flower,1.25,FR,4546,631.388889,78.923611125
FR_V03,B,Intensive.unmixed.crops,Pisum.sativum,single.flower,29.916666666666668,FR,4546,631.388889,1888.905092925
FR_V03,B,Intensive.unmixed.crops,Sinapis.sp,single.flower,2,FR,4546,631.388889,126.2777778
FR_V03,B,Meso.and.eutrophic.Quercus.Carpinus.Fraxinus.Acer.Tilia.Ulmus.and.related.woodland,Fragaria.moschata,single.flower,11.5,FR,2504,347.7777778,399.94444447
FR_V03,B,Meso.and.eutrophic.Quercus.Carpinus.Fraxinus.Acer.Tilia.Ulmus.and.related.woodland,Geranium.rotundifolium,single.flower,4,FR,2504,347.7777778,139.11111112
FR_V03,B,Meso.and.eutrophic.Quercus.Carpinus.Fraxinus.Acer.Tilia.Ulmus.and.related.woodland,Geum.urbanum,single.flower,2,FR,2504,347.7777778,69.55555556
FR_V03,B,Meso.and.eutrophic.Quercus.Carpinus.Fraxinus.Acer.Tilia.Ulmus.and.related.woodland,Sherardia.arvensis,flower.head,2,FR,2504,347.7777778,69.55555556
FR_V03,B,Meso.and.eutrophic.Quercus.Carpinus.Fraxinus.Acer.Tilia.Ulmus.and.related.woodland,Stellaria.holostea,single.flower,8,FR,2504,347.7777778,278.22222224
FR_V03,B,Meso.and.eutrophic.Quercus.Carpinus.Fraxinus.Acer.Tilia.Ulmus.and.related.woodland,Veronica.chamaedrys,single.flower,18,FR,2504,347.7777778,626.00000004
FR_V03,B,Meso.and.eutrophic.Quercus.Carpinus.Fraxinus.Acer.Tilia.Ulmus.and.related.woodland,Vicia.sativa,single.flower,11.25,FR,2504,347.7777778,391.250000025
FR_V03,B,semi.natural.grass,Ranunculus.sp,single.flower,24,FR,150,20.83333333,49.99999999199999
FR_V03,C,Intensive.unmixed.crops,Geranium.dissectum,single.flower,1,FR,4248,590.0000001,59.000000009999994
FR_V03,C,Intensive.unmixed.crops,Medicago.sativa,flower.head,115.77777777777777,FR,4248,590.0000001,6830.888890046665
FR_V03,C,Intensive.unmixed.crops,Trifolium.pratense,flower.head,1,FR,4248,590.0000001,59.000000009999994
FR_V03,C,Intensive.unmixed.crops,Trifolium.repens,flower.head,6,FR,4248,590.0000001,354.00000006
FR_V03,C,Meso.and.eutrophic.Quercus.Carpinus.Fraxinus.Acer.Tilia.Ulmus.and.related.woodland,Betonica.officinalis,single.flower,17,FR,2488,345.5555555,587.44444435
FR_V03,C,Meso.and.eutrophic.Quercus.Carpinus.Fraxinus.Acer.Tilia.Ulmus.and.related.woodland,Campanula.trachelium,single.flower,10,FR,2488,345.5555555,345.5555555
FR_V03,C,Meso.and.eutrophic.Quercus.Carpinus.Fraxinus.Acer.Tilia.Ulmus.and.related.woodland,Galium.parisiense,cyme,44.5,FR,2488,345.5555555,1537.7222219750001
FR_V03,C,Meso.and.eutrophic.Quercus.Carpinus.Fraxinus.Acer.Tilia.Ulmus.and.related.woodland,Geranium.robertianum,single.flower,1,FR,2488,345.5555555,34.55555555
FR_V03,C,Meso.and.eutrophic.Quercus.Carpinus.Fraxinus.Acer.Tilia.Ulmus.and.related.woodland,Lathyrus.pratensis,single.flower,12,FR,2488,345.5555555,414.6666666
FR_V03,C,Meso.and.eutrophic.Quercus.Carpinus.Fraxinus.Acer.Tilia.Ulmus.and.related.woodland,Lotus.corniculatus,flower.head,4,FR,2488,345.5555555,138.2222222
FR_V03,C,Meso.and.eutrophic.Quercus.Carpinus.Fraxinus.Acer.Tilia.Ulmus.and.related.woodland,Potentilla.reptans,single.flower,8,FR,2488,345.5555555,276.4444444
FR_V03,C,Meso.and.eutrophic.Quercus.Carpinus.Fraxinus.Acer.Tilia.Ulmus.and.related.woodland,Trifolium.pratense,flower.head,3,FR,2488,345.5555555,103.66666665
FR_V03,C,Meso.and.eutrophic.Quercus.Carpinus.Fraxinus.Acer.Tilia.Ulmus.and.related.woodland,Trifolium.repens,flower.head,8,FR,2488,345.5555555,276.4444444
FR_V03,C,semi.natural.grass,Agrimonia.eupatoria,single.flower,16,FR,132,18.33333333,29.333333328
FR_V03,C,semi.natural.grass,Lotus.corniculatus,flower.head,1,FR,132,18.33333333,1.833333333
FR_V03,C,semi.natural.grass,Plantago.lanceolata,flower.head,12,FR,132,18.33333333,21.999999995999996
FR_V03,C,Temporary.running.waters,Agrimonia.eupatoria,single.flower,4,FR,332,46.11111111,18.444444444000002
FR_V03,C,Temporary.running.waters,Epilobium.hirsutum,single.flower,10,FR,332,46.11111111,46.11111111
FR_V03,C,Temporary.running.waters,Lotus.corniculatus,flower.head,2,FR,332,46.11111111,9.222222222000001
FR_V03,C,Temporary.running.waters,Lythrum.salicaria,single.flower,11,FR,332,46.11111111,50.722222221
FR_V08,A,Coppice.and.early.stage.plantations,Ficaria.verna,single.flower,11,FR,800,111.1111111,122.22222221
FR_V08,A,Coppice.and.early.stage.plantations,Lamium.purpureum,single.flower,150,FR,800,111.1111111,1666.6666665
FR_V08,A,Intensive.unmixed.crops,Capsella.bursa-pastoris,single.flower,425.5,FR,5458,758.0555556,32255.263890780003
FR_V08,A,Intensive.unmixed.crops,Stellaria.media,single.flower,450,FR,5458,758.0555556,34112.500002
FR_V08,A,Intensive.unmixed.crops,Taraxacum.officinale,capitulum,9.5,FR,5458,758.0555556,720.15277782
FR_V08,A,Intensive.unmixed.crops,Veronica.persica,single.flower,49.75,FR,5458,758.0555556,3771.3263891100005
FR_V08,A,Intensive.unmixed.crops,Viola.arvensis,single.flower,17,FR,5458,758.0555556,1288.6944445200002
FR_V08,A,Meso.and.eutrophic.Quercus.Carpinus.Fraxinus.Acer.Tilia.Ulmus.and.related.woodland,Ribes.sp,raceme,162.5,FR,496,68.88888889,1119.4444444625
FR_V08,A,semi.natural.grass,Glechoma.hederacea,single.flower,4,FR,260,36.11111111,14.444444444000002
FR_V08,A,semi.natural.grass,Primula.veris,single.flower,5,FR,260,36.11111111,18.055555555
FR_V08,A,semi.natural.grass,Taraxacum.officinale,capitulum,1,FR,260,36.11111111,3.6111111110000005
FR_V08,A,Temperate.thickets.and.scrub,Ficaria.verna,single.flower,7,FR,186,25.83333333,18.083333331
FR_V08,A,Temperate.thickets.and.scrub,Mercurialis.perennis,flower.head,1,FR,186,25.83333333,2.5833333329999997
FR_V08,A,Temperate.thickets.and.scrub,Viola.reichenbachiana,single.flower,11,FR,186,25.83333333,28.416666663
FR_V08,B,Coppice.and.early.stage.plantations,Alliaria.petiolata,single.flower,3,FR,1958,271.9444444,81.58333332
FR_V08,B,Coppice.and.early.stage.plantations,Anthriscus.sylvestris,umbel,59,FR,1958,271.9444444,1604.47222196
FR_V08,B,Coppice.and.early.stage.plantations,Barbarea.vulgaris,flower.head,23.25,FR,1958,271.9444444,632.2708332300001
FR_V08,B,Coppice.and.early.stage.plantations,Galium.aparine,cyme,24,FR,1958,271.9444444,652.66666656
FR_V08,B,Coppice.and.early.stage.plantations,Lamium.purpureum,single.flower,18.5,FR,1958,271.9444444,503.09722214000004
FR_V08,B,Highly.managed.hedgerows.of.native.species,Capsella.bursa-pastoris,single.flower,15,FR,491,68.19444444,102.29166666
FR_V08,B,Highly.managed.hedgerows.of.native.species,Chaerophyllum.temulum,umbel,1,FR,491,68.19444444,6.819444444
FR_V08,B,Highly.managed.hedgerows.of.native.species,Cruciata.laevipes,flower.head,39,FR,491,68.19444444,265.958333316
FR_V08,B,Highly.managed.hedgerows.of.native.species,Galium.aparine,cyme,5,FR,491,68.19444444,34.09722222
FR_V08,B,Highly.managed.hedgerows.of.native.species,Geranium.dissectum,single.flower,2,FR,491,68.19444444,13.638888888
FR_V08,B,Highly.managed.hedgerows.of.native.species,Geranium.molle,single.flower,12,FR,491,68.19444444,81.83333332800001
FR_V08,B,Highly.managed.hedgerows.of.native.species,Glechoma.hederacea,single.flower,18,FR,491,68.19444444,122.749999992
FR_V08,B,Highly.managed.hedgerows.of.native.species,Lamium.album,single.flower,32,FR,491,68.19444444,218.222222208
FR_V08,B,Highly.managed.hedgerows.of.native.species,Lamium.purpureum,single.flower,7,FR,491,68.19444444,47.736111108
FR_V08,B,Highly.managed.hedgerows.of.native.species,Salix.caprea,catkins,10,FR,491,68.19444444,68.19444444
FR_V08,B,Highly.managed.hedgerows.of.native.species,Stellaria.media,single.flower,150,FR,491,68.19444444,1022.9166665999999
FR_V08,B,Highly.managed.hedgerows.of.native.species,Veronica.persica,single.flower,1,FR,491,68.19444444,6.819444444
FR_V08,B,Highly.managed.hedgerows.of.native.species,Viola.arvensis,single.flower,1,FR,491,68.19444444,6.819444444
FR_V08,B,Low.and.medium.altitude.hay.meadows,Anthriscus.sylvestris,umbel,66.33333333333333,FR,481,66.80555556,443.143518548
FR_V08,B,Low.and.medium.altitude.hay.meadows,Capsella.bursa-pastoris,single.flower,3,FR,481,66.80555556,20.041666667999998
FR_V08,B,Low.and.medium.altitude.hay.meadows,Glechoma.hederacea,single.flower,3,FR,481,66.80555556,20.041666667999998
FR_V08,B,Low.and.medium.altitude.hay.meadows,Lamium.album,single.flower,14,FR,481,66.80555556,93.527777784
FR_V08,B,Meso.and.eutrophic.Quercus.Carpinus.Fraxinus.Acer.Tilia.Ulmus.and.related.woodland,Bellis.perennis,capitulum,8,FR,2518,349.7222223,279.77777784
FR_V08,B,Meso.and.eutrophic.Quercus.Carpinus.Fraxinus.Acer.Tilia.Ulmus.and.related.woodland,Cruciata.laevipes,flower.head,650,FR,2518,349.7222223,22731.9444495
FR_V08,B,Meso.and.eutrophic.Quercus.Carpinus.Fraxinus.Acer.Tilia.Ulmus.and.related.woodland,Euphorbia.flavicoma,flower.head,16,FR,2518,349.7222223,559.55555568
FR_V08,B,Meso.and.eutrophic.Quercus.Carpinus.Fraxinus.Acer.Tilia.Ulmus.and.related.woodland,Galium.aparine,cyme,2,FR,2518,349.7222223,69.94444446
FR_V08,B,Meso.and.eutrophic.Quercus.Carpinus.Fraxinus.Acer.Tilia.Ulmus.and.related.woodland,Geranium.robertianum,single.flower,6,FR,2518,349.7222223,209.83333338000003
FR_V08,B,Meso.and.eutrophic.Quercus.Carpinus.Fraxinus.Acer.Tilia.Ulmus.and.related.woodland,Geranium.rotundifolium,single.flower,3,FR,2518,349.7222223,104.91666669000001
FR_V08,B,Meso.and.eutrophic.Quercus.Carpinus.Fraxinus.Acer.Tilia.Ulmus.and.related.woodland,Lamium.galeobdolon,single.flower,12,FR,2518,349.7222223,419.66666676000006
FR_V08,B,Meso.and.eutrophic.Quercus.Carpinus.Fraxinus.Acer.Tilia.Ulmus.and.related.woodland,Ranunculus.sp,single.flower,1,FR,2518,349.7222223,34.97222223
FR_V08,B,Meso.and.eutrophic.Quercus.Carpinus.Fraxinus.Acer.Tilia.Ulmus.and.related.woodland,Veronica.chamaedrys,single.flower,150,FR,2518,349.7222223,5245.8333345
FR_V08,B,Meso.and.eutrophic.Quercus.Carpinus.Fraxinus.Acer.Tilia.Ulmus.and.related.woodland,Viburnum.opulus,umbel,19,FR,2518,349.7222223,664.4722223699999
FR_V08,B,Meso.and.eutrophic.Quercus.Carpinus.Fraxinus.Acer.Tilia.Ulmus.and.related.woodland,Vicia.sativa,single.flower,7,FR,2518,349.7222223,244.80555561
FR_V08,B,Permanent.non.tidal.smooth.flowing.watercourses,Cruciata.laevipes,flower.head,34,FR,400,55.55555556,188.888888904
FR_V08,B,Permanent.non.tidal.smooth.flowing.watercourses,Euphorbia.flavicoma,flower.head,21,FR,400,55.55555556,116.666666676
FR_V08,B,Permanent.non.tidal.smooth.flowing.watercourses,Myosotis.sp,cyme,29,FR,400,55.55555556,161.11111112400002
FR_V08,B,Permanent.non.tidal.smooth.flowing.watercourses,Veronica.arvensis,single.flower,1,FR,400,55.55555556,5.555555556
FR_V08,B,semi.natural.grass,Ajuga.reptans,single.flower,250,FR,1352,187.7777778,4694.444444999999
FR_V08,B,semi.natural.grass,Cruciata.laevipes,flower.head,1500,FR,1352,187.7777778,28166.66667
FR_V08,B,semi.natural.grass,Ranunculus.acris,single.flower,22,FR,1352,187.7777778,413.11111116
FR_V08,C,Coppice.and.early.stage.plantations,Carduus.crispus,capitulum,24,FR,892,126.1847503,302.84340072
FR_V08,C,Coppice.and.early.stage.plantations,Erigeron.annuus,capitulum,150,FR,892,126.1847503,1892.7712545000002
FR_V08,C,Coppice.and.early.stage.plantations,Filipendula.ulmaria,flower.head,5,FR,892,126.1847503,63.092375149999995
FR_V08,C,Coppice.and.early.stage.plantations,Hypericum.perforatum,single.flower,50,FR,892,126.1847503,630.9237515
FR_V08,C,Coppice.and.early.stage.plantations,Rubus.sp,single.flower,4,FR,892,126.1847503,50.47390012
FR_V08,C,Coppice.and.early.stage.plantations,Torilis.arvensis,umbel,8.5,FR,892,126.1847503,107.25703775500001
FR_V08,C,Highly.managed.hedgerows.of.native.species,Clematis.vitalba,single.flower,46,FR,134,18.95600509,87.197623414
FR_V08,C,Highly.managed.hedgerows.of.native.species,Malva.alcea,single.flower,6,FR,134,18.95600509,11.373603054
FR_V08,C,Highly.managed.hedgerows.of.native.species,Urtica.dioica,flower.head,18,FR,134,18.95600509,34.120809162
FR_V08,C,Intensive.unmixed.crops,Crepis.sp,capitulum,8.5,FR,5250,742.679304,631.2774084
FR_V08,C,Intensive.unmixed.crops,Daucus.carota,umbel,4,FR,5250,742.679304,297.0717216
FR_V08,C,Intensive.unmixed.crops,Fallopia.convolvulus,single.flower,2,FR,5250,742.679304,148.5358608
FR_V08,C,Intensive.unmixed.crops,Geranium.molle,single.flower,5,FR,5250,742.679304,371.339652
FR_V08,C,Intensive.unmixed.crops,Helminthotheca.echioides,capitulum,2,FR,5250,742.679304,148.5358608
FR_V08,C,Intensive.unmixed.crops,Lactuca.serriola,capitulum,2,FR,5250,742.679304,148.5358608
FR_V08,C,Intensive.unmixed.crops,Lysimachia.arvensis,single.flower,1,FR,5250,742.679304,74.2679304
FR_V08,C,Intensive.unmixed.crops,Lysimachia.foemina,single.flower,4,FR,5250,742.679304,297.0717216
FR_V08,C,Intensive.unmixed.crops,Medicago.lupulina,flower.head,26,FR,5250,742.679304,1930.9661904
FR_V08,C,Intensive.unmixed.crops,Myosotis.arvensis,cyme,83.25,FR,5250,742.679304,6182.8052058
FR_V08,C,Intensive.unmixed.crops,Papaver.dubium,single.flower,4,FR,5250,742.679304,297.0717216
FR_V08,C,Intensive.unmixed.crops,Papaver.rhoeas,single.flower,1,FR,5250,742.679304,74.2679304
FR_V08,C,Intensive.unmixed.crops,Polygonum.aviculare,single.flower,16,FR,5250,742.679304,1188.2868864
FR_V08,C,Intensive.unmixed.crops,Silene.latifolia,single.flower,1,FR,5250,742.679304,74.2679304
FR_V08,C,Intensive.unmixed.crops,Sonchus.asper,capitulum,5,FR,5250,742.679304,371.339652
FR_V08,C,Intensive.unmixed.crops,Trifolium.incarnatum,flower.head,9.5,FR,5250,742.679304,705.5453388
FR_V08,C,Intensive.unmixed.crops,Trifolium.pratense,flower.head,21,FR,5250,742.679304,1559.6265384
FR_V08,C,Intensive.unmixed.crops,Trifolium.repens,flower.head,1,FR,5250,742.679304,74.2679304
FR_V08,C,Intensive.unmixed.crops,Trifolium.resupinatum,flower.head,150,FR,5250,742.679304,11140.18956
FR_V08,C,Intensive.unmixed.crops,Tripleurospermum.inodorum,capitulum,15,FR,5250,742.679304,1114.0189560000001
FR_V08,C,Meso.and.eutrophic.Quercus.Carpinus.Fraxinus.Acer.Tilia.Ulmus.and.related.woodland,Clematis.vitalba,single.flower,65.66666666666667,FR,450,63.65822606,418.0223511273333
FR_V08,C,Meso.and.eutrophic.Quercus.Carpinus.Fraxinus.Acer.Tilia.Ulmus.and.related.woodland,Galium.mollugo,cyme,150,FR,450,63.65822606,954.8733908999999
FR_V08,C,Meso.and.eutrophic.Quercus.Carpinus.Fraxinus.Acer.Tilia.Ulmus.and.related.woodland,Lapsana.communis,capitulum,2,FR,450,63.65822606,12.731645212
FR_V08,C,Meso.and.eutrophic.Quercus.Carpinus.Fraxinus.Acer.Tilia.Ulmus.and.related.woodland,Tragopogon.pratensis,capitulum,1,FR,450,63.65822606,6.365822606
FR_V08,C,Permanent.non.tidal.smooth.flowing.watercourses,Convolvulus.sepium,single.flower,5,FR,108,15.27797425,7.638987125
FR_V08,C,Permanent.non.tidal.smooth.flowing.watercourses,Filipendula.ulmaria,flower.head,7,FR,108,15.27797425,10.694581975
FR_V08,C,Permanent.non.tidal.smooth.flowing.watercourses,Hypericum.perforatum,single.flower,8,FR,108,15.27797425,12.2223794
FR_V08,C,Permanent.non.tidal.smooth.flowing.watercourses,Lysimachia.vulgaris,single.flower,10,FR,108,15.27797425,15.27797425
FR_V08,C,Permanent.non.tidal.smooth.flowing.watercourses,Lythrum.salicaria,single.flower,8,FR,108,15.27797425,12.2223794
FR_V08,C,semi.natural.grass,Convolvulus.arvensis,single.flower,2,FR,235,33.24374027,6.648748054
FR_V08,C,semi.natural.grass,Hypericum.perforatum,single.flower,7,FR,235,33.24374027,23.270618189000004
FR_V08,C,semi.natural.grass,Myosotis.sp,cyme,12,FR,235,33.24374027,39.892488324000006
FR_V08,C,semi.natural.grass,Torilis.arvensis,umbel,28,FR,235,33.24374027,93.08247275600002
FR_V09,A,Intensive.unmixed.crops,Buglossoides.arvensis,single.flower,17,FR,6485,900.6944445,1531.18055565
FR_V09,A,Intensive.unmixed.crops,Capsella.bursa-pastoris,single.flower,84.125,FR,6485,900.6944445,7577.09201435625
FR_V09,A,Intensive.unmixed.crops,Daucus.carota,umbel,1,FR,6485,900.6944445,90.06944445
FR_V09,A,Intensive.unmixed.crops,Lamium.purpureum,single.flower,21.5,FR,6485,900.6944445,1936.493055675
FR_V09,A,Intensive.unmixed.crops,Senecio.vulgaris,capitulum,52.5,FR,6485,900.6944445,4728.645833625001
FR_V09,A,Intensive.unmixed.crops,Taraxacum.officinale,capitulum,6.5,FR,6485,900.6944445,585.451388925
FR_V09,A,Intensive.unmixed.crops,Valerianella.locusta,umbel,43.666666666666664,FR,6485,900.6944445,3933.03240765
FR_V09,A,Intensive.unmixed.crops,Veronica.persica,single.flower,72.66666666666667,FR,6485,900.6944445,6545.0462967
FR_V09,A,Low.and.medium.altitude.hay.meadows,Ajuga.reptans,single.flower,10,FR,360,50,50
FR_V09,A,Low.and.medium.altitude.hay.meadows,Plantago.lanceolata,flower.head,3,FR,360,50,15
FR_V09,A,Low.and.medium.altitude.hay.meadows,Ranunculus.repens,single.flower,5,FR,360,50,25
FR_V09,A,Low.and.medium.altitude.hay.meadows,Taraxacum.officinale,capitulum,2,FR,360,50,10
FR_V09,A,Meso.and.eutrophic.Quercus.Carpinus.Fraxinus.Acer.Tilia.Ulmus.and.related.woodland,Primula.veris,single.flower,5,FR,235,32.63888889,16.319444445
FR_V09,A,Meso.and.eutrophic.Quercus.Carpinus.Fraxinus.Acer.Tilia.Ulmus.and.related.woodland,Taraxacum.officinale,capitulum,2,FR,235,32.63888889,6.527777777999999
FR_V09,A,Species.rich.hedgerows.of.native.species,Prunus.sp,single.flower,150,FR,120,16.66666667,250.00000005
FR_V09,A,Species.rich.hedgerows.of.native.species,Valerianella.locusta,umbel,7,FR,120,16.66666667,11.666666669000001
FR_V09,A,Species.rich.hedgerows.of.native.species,Veronica.arvensis,single.flower,15,FR,120,16.66666667,25.000000005
FR_V09,B,Highly.managed.hedgerows.of.native.species,Arenaria.serpyllifolia,flower.head,29,FR,81,11.25468945,32.638599405
FR_V09,B,Highly.managed.hedgerows.of.native.species,Plantago.lanceolata,flower.head,9,FR,81,11.25468945,10.129220505000001
FR_V09,B,Highly.managed.hedgerows.of.native.species,Sambucus.nigra,umbel,9,FR,81,11.25468945,10.129220505000001
FR_V09,B,Highly.managed.hedgerows.of.native.species,Trifolium.campestre,flower.head,71,FR,81,11.25468945,79.908295095
FR_V09,B,Highly.managed.hedgerows.of.native.species,Vicia.cracca,single.flower,11.5,FR,81,11.25468945,12.942892867500001
FR_V09,B,Intensive.unmixed.crops,Brassica.nigra,single.flower,187.5,FR,6546,909.545644,17053.980825
FR_V09,B,Intensive.unmixed.crops,Buglossoides.arvensis,single.flower,150,FR,6546,909.545644,13643.184660000003
FR_V09,B,Intensive.unmixed.crops,Galium.aparine,cyme,754.75,FR,6546,909.545644,68647.9574809
FR_V09,B,Intensive.unmixed.crops,Polygonum.aviculare,single.flower,118,FR,6546,909.545644,10732.638599200001
FR_V09,B,Low.and.medium.altitude.hay.meadows,Ranunculus.repens,single.flower,19,FR,405,56.27344727,106.919549813
FR_V09,B,Low.and.medium.altitude.hay.meadows,Trifolium.dubium,flower.head,17,FR,405,56.27344727,95.664860359
FR_V09,B,Low.and.medium.altitude.hay.meadows,Trifolium.repens,flower.head,73,FR,405,56.27344727,410.796165071
FR_V09,B,Meso.and.eutrophic.Quercus.Carpinus.Fraxinus.Acer.Tilia.Ulmus.and.related.woodland,Galium.aparine,cyme,50,FR,165,22.92621926,114.6310963
FR_V09,B,Meso.and.eutrophic.Quercus.Carpinus.Fraxinus.Acer.Tilia.Ulmus.and.related.woodland,Geranium.rotundifolium,single.flower,4,FR,165,22.92621926,9.170487704
FR_V09,C,Highly.managed.hedgerows.of.native.species,Coronilla.varia,flower.head,59,FR,88,12.22222222,72.11111109800001
FR_V09,C,Highly.managed.hedgerows.of.native.species,Dipsacus.fullonum,flower.head,8,FR,88,12.22222222,9.777777776
FR_V09,C,Highly.managed.hedgerows.of.native.species,Rubus.sp,single.flower,8,FR,88,12.22222222,9.777777776
FR_V09,C,Intensive.unmixed.crops,Glycine.max,single.flower,23.75,FR,6391,887.6388888,2108.1423609000003
FR_V09,C,Low.and.medium.altitude.hay.meadows,Centaurea.jacea,flower.head,6,FR,396,55,33
FR_V09,C,Low.and.medium.altitude.hay.meadows,Lotus.corniculatus,flower.head,51,FR,396,55,280.5
FR_V09,C,Meso.and.eutrophic.Quercus.Carpinus.Fraxinus.Acer.Tilia.Ulmus.and.related.woodland,Rubus.sp,single.flower,2,FR,160,22.22222222,4.444444444
FR_V09,C,Semi.natural.grass,Galium.album,cyme,26,NA,NA,NA,NA
FR_V09,C,Semi.natural.grass,Torilis.arvensis,umbel,350,NA,NA,NA,NA
FR_V13,A,Coppice.and.early.stage.plantations,Ranunculus.acris,single.flower,1,FR,120,16.66666667,1.666666667
FR_V13,A,Coppice.and.early.stage.plantations,Senecio.vulgaris,capitulum,80,FR,120,16.66666667,133.33333336
FR_V13,A,Coppice.and.early.stage.plantations,Taraxacum.officinale,capitulum,2,FR,120,16.66666667,3.333333334
FR_V13,A,Intensive.unmixed.crops,Brassica.napus,single.flower,115.16666666666666,FR,4860,675,7773.75
FR_V13,A,Intensive.unmixed.crops,Senecio.vulgaris,capitulum,99,FR,4860,675,6682.5
FR_V13,A,Intensive.unmixed.crops,Sonchus.asper,capitulum,150,FR,4860,675,10125
FR_V13,A,Low.and.medium.altitude.hay.meadows,Cerastium.glomeratum,single.flower,150,FR,1140,158.3333333,2374.9999995
FR_V13,A,Low.and.medium.altitude.hay.meadows,Senecio.vulgaris,capitulum,1.5,FR,1140,158.3333333,23.749999995
FR_V13,A,Low.and.medium.altitude.hay.meadows,Taraxacum.officinale,capitulum,5,FR,1140,158.3333333,79.16666665
FR_V13,A,Low.and.medium.altitude.hay.meadows,Veronica.arvensis,single.flower,12,FR,1140,158.3333333,189.99999996
FR_V13,A,Meso.and.eutrophic.Quercus.Carpinus.Fraxinus.Acer.Tilia.Ulmus.and.related.woodland,Lonicera.xylosteum,single.flower,40,FR,580,80.55555556,322.22222224
FR_V13,A,semi.natural.grass,Plantago.lanceolata,flower.head,4,FR,500,69.44444444,27.777777776
FR_V13,A,semi.natural.grass,Taraxacum.officinale,capitulum,64,FR,500,69.44444444,444.444444416
FR_V13,B,Highly.artificial.broadleaved.deciduous.forestry.plantations,Erigeron.annuus,capitulum,1,FR,922,128.0555556,12.805555559999998
FR_V13,B,Highly.artificial.broadleaved.deciduous.forestry.plantations,Geranium.dissectum,single.flower,18,FR,922,128.0555556,230.50000007999998
FR_V13,B,Highly.artificial.broadleaved.deciduous.forestry.plantations,Lapsana.communis,capitulum,13,FR,922,128.0555556,166.47222227999998
FR_V13,B,Highly.artificial.broadleaved.deciduous.forestry.plantations,Lathyrus.sp,single.flower,2,FR,922,128.0555556,25.611111119999997
FR_V13,B,Highly.artificial.broadleaved.deciduous.forestry.plantations,Potentilla.reptans,single.flower,16,FR,922,128.0555556,204.88888895999997
FR_V13,B,Highly.artificial.broadleaved.deciduous.forestry.plantations,Ranunculus.repens,single.flower,4,FR,922,128.0555556,51.222222239999994
FR_V13,B,Highly.managed.hedgerows.of.native.species,Prunus.sp,single.flower,4,FR,544,75.55555556,30.222222224
FR_V13,B,Highly.managed.hedgerows.of.native.species,Rosa.sp,single.flower,12,FR,544,75.55555556,90.66666667199999
FR_V13,B,Highly.managed.hedgerows.of.native.species,Rubus.sp,single.flower,1,FR,544,75.55555556,7.555555556
FR_V13,B,Meso.and.eutrophic.Quercus.Carpinus.Fraxinus.Acer.Tilia.Ulmus.and.related.woodland,Cirsium.palustre,capitulum,15,FR,3946,548.0555556,822.0833334000001
FR_V13,B,Meso.and.eutrophic.Quercus.Carpinus.Fraxinus.Acer.Tilia.Ulmus.and.related.woodland,Galium.aparine,cyme,5.75,FR,3946,548.0555556,315.13194447
FR_V13,B,Meso.and.eutrophic.Quercus.Carpinus.Fraxinus.Acer.Tilia.Ulmus.and.related.woodland,Geranium.dissectum,single.flower,9.5,FR,3946,548.0555556,520.65277782
FR_V13,B,Meso.and.eutrophic.Quercus.Carpinus.Fraxinus.Acer.Tilia.Ulmus.and.related.woodland,Geum.urbanum,single.flower,1,FR,3946,548.0555556,54.80555556
FR_V13,B,Meso.and.eutrophic.Quercus.Carpinus.Fraxinus.Acer.Tilia.Ulmus.and.related.woodland,Lapsana.communis,capitulum,3.5,FR,3946,548.0555556,191.81944446000003
FR_V13,B,Meso.and.eutrophic.Quercus.Carpinus.Fraxinus.Acer.Tilia.Ulmus.and.related.woodland,Ligustrum.vulgare,single.flower,3,FR,3946,548.0555556,164.41666668000002
FR_V13,B,Meso.and.eutrophic.Quercus.Carpinus.Fraxinus.Acer.Tilia.Ulmus.and.related.woodland,Lonicera.periclymenum,single.flower,8,FR,3946,548.0555556,438.44444448
FR_V13,B,Meso.and.eutrophic.Quercus.Carpinus.Fraxinus.Acer.Tilia.Ulmus.and.related.woodland,Ranunculus.repens,single.flower,5,FR,3946,548.0555556,274.0277778
FR_V13,B,Meso.and.eutrophic.Quercus.Carpinus.Fraxinus.Acer.Tilia.Ulmus.and.related.woodland,Rosa.sp,single.flower,6,FR,3946,548.0555556,328.83333336000004
FR_V13,B,semi.natural.grass,Galium.mollugo,cyme,12,FR,1788,248.3333333,297.99999995999997
FR_V13,B,semi.natural.grass,Geranium.dissectum,single.flower,9,FR,1788,248.3333333,223.49999997
FR_V13,B,semi.natural.grass,Geranium.molle,single.flower,6,FR,1788,248.3333333,148.99999997999998
FR_V13,B,semi.natural.grass,Potentilla.reptans,single.flower,5,FR,1788,248.3333333,124.16666665
FR_V13,B,semi.natural.grass,Stellaria.graminea,single.flower,350,FR,1788,248.3333333,8691.666665499999
FR_V13,B,semi.natural.grass,Trifolium.dubium,flower.head,150,FR,1788,248.3333333,3724.9999995
FR_V13,B,semi.natural.grass,Vicia.angustifolia,single.flower,1,FR,1788,248.3333333,24.83333333
FR_V13,C,Highly.artificial.broadleaved.deciduous.forestry.plantations,Cirsium.arvense,capitulum,35.333333333333336,FR,183,25.12355848,88.76990662933335
FR_V13,C,Highly.artificial.broadleaved.deciduous.forestry.plantations,Geranium.dissectum,single.flower,1,FR,183,25.12355848,2.512355848
FR_V13,C,Highly.artificial.broadleaved.deciduous.forestry.plantations,Hypericum.perforatum,single.flower,18,FR,183,25.12355848,45.222405263999995
FR_V13,C,Highly.artificial.broadleaved.deciduous.forestry.plantations,Torilis.arvensis,umbel,15.5,FR,183,25.12355848,38.941515644
FR_V13,C,Highly.artificial.broadleaved.deciduous.forestry.plantations,Trifolium.campestre,flower.head,3,FR,183,25.12355848,7.537067544
FR_V13,C,Intensive.unmixed.crops,Agrimonia.eupatoria,single.flower,8,FR,6747,926.2767711,741.0214168800001
FR_V13,C,Intensive.unmixed.crops,Amaranthus.hybridus,flower.head,1,FR,6747,926.2767711,92.62767711000001
FR_V13,C,Intensive.unmixed.crops,Cirsium.arvense,capitulum,23.5,FR,6747,926.2767711,2176.750412085
FR_V13,C,Intensive.unmixed.crops,Convolvulus.arvensis,single.flower,5.25,FR,6747,926.2767711,486.2953048275
FR_V13,C,Intensive.unmixed.crops,Crepis.sp,capitulum,4,FR,6747,926.2767711,370.51070844000003
FR_V13,C,Intensive.unmixed.crops,Daucus.carota,umbel,25,FR,6747,926.2767711,2315.69192775
FR_V13,C,Intensive.unmixed.crops,Epilobium.tetragonum,single.flower,13,FR,6747,926.2767711,1204.15980243
FR_V13,C,Intensive.unmixed.crops,Erigeron.annuus,capitulum,53,FR,6747,926.2767711,4909.266886830001
FR_V13,C,Intensive.unmixed.crops,Fallopia.convolvulus,single.flower,10,FR,6747,926.2767711,926.2767711
FR_V13,C,Intensive.unmixed.crops,Geranium.dissectum,single.flower,1,FR,6747,926.2767711,92.62767711000001
FR_V13,C,Intensive.unmixed.crops,Leucanthemum.vulgare,capitulum,3,FR,6747,926.2767711,277.88303133
FR_V13,C,Intensive.unmixed.crops,Lysimachia.arvensis,single.flower,16,FR,6747,926.2767711,1482.0428337600001
FR_V13,C,Intensive.unmixed.crops,Medicago.lupulina,flower.head,1,FR,6747,926.2767711,92.62767711000001
FR_V13,C,Intensive.unmixed.crops,Mercurialis.annua,flower.head,19,FR,6747,926.2767711,1759.92586509
FR_V13,C,Intensive.unmixed.crops,Myosotis.arvensis,cyme,2,FR,6747,926.2767711,185.25535422000002
FR_V13,C,Intensive.unmixed.crops,Papaver.rhoeas,single.flower,1,FR,6747,926.2767711,92.62767711000001
FR_V13,C,Intensive.unmixed.crops,Prunella.vulgaris,flower.head,1,FR,6747,926.2767711,92.62767711000001
FR_V13,C,Intensive.unmixed.crops,Solanum.nigrum,single.flower,1,FR,6747,926.2767711,92.62767711000001
FR_V13,C,Intensive.unmixed.crops,Stellaria.media,single.flower,4,FR,6747,926.2767711,370.51070844000003
FR_V13,C,Intensive.unmixed.crops,Torilis.arvensis,umbel,16,FR,6747,926.2767711,1482.0428337600001
FR_V13,C,Intensive.unmixed.crops,Tripleurospermum.inodorum,capitulum,4,FR,6747,926.2767711,370.51070844000003
FR_V13,C,Intensive.unmixed.crops,Veronica.arvensis,single.flower,2,FR,6747,926.2767711,185.25535422000002
FR_V13,C,Intensive.unmixed.crops,Veronica.persica,single.flower,3,FR,6747,926.2767711,277.88303133
FR_V13,C,semi.natural.grass,Cerastium.semidecandrum,single.flower,1,FR,354,48.59967051,4.859967051
FR_V13,C,semi.natural.grass,Daucus.carota,umbel,1.5,FR,354,48.59967051,7.2899505765
FR_V13,C,semi.natural.grass,Erigeron.annuus,capitulum,83,FR,354,48.59967051,403.377265233
FR_V13,C,semi.natural.grass,Geranium.dissectum,single.flower,2,FR,354,48.59967051,9.719934102
FR_V13,C,semi.natural.grass,Lathyrus.odoratus,single.flower,30,FR,354,48.59967051,145.79901153
FR_V13,C,semi.natural.grass,Prunella.vulgaris,flower.head,55,FR,354,48.59967051,267.298187805
FR_V13,C,semi.natural.grass,Stellaria.graminea,single.flower,2,FR,354,48.59967051,9.719934102
FR_V15,A,Intensive.unmixed.crops,Scandix.pecten-veneris,umbel,54,FR,4616,641.1111112,3462.00000048
FR_V15,A,Intensive.unmixed.crops,Senecio.vulgaris,capitulum,22.22222222222222,FR,4616,641.1111112,1424.691358222222
FR_V15,A,Intensive.unmixed.crops,Viola.sp,single.flower,9.5,FR,4616,641.1111112,609.05555564
FR_V15,A,semi.natural.grass,Ranunculus.repens,single.flower,1,FR,1041,144.5833333,14.458333329999999
FR_V15,A,semi.natural.grass,Taraxacum.officinale,capitulum,3,FR,1041,144.5833333,43.37499999
FR_V15,A,Temperate.thickets.and.scrub,Cruciata.laevipes,flower.head,12,FR,250,34.72222222,41.666666664000005
FR_V15,B,Highly.artificial.broadleaved.deciduous.forestry.plantations,Carduus.crispus,capitulum,3,FR,558,77.9765232,23.39295696
FR_V15,B,Highly.artificial.broadleaved.deciduous.forestry.plantations,Geranium.columbinum,single.flower,6,FR,558,77.9765232,46.78591392
FR_V15,B,Highly.artificial.broadleaved.deciduous.forestry.plantations,Silene.latifolia,single.flower,5,FR,558,77.9765232,38.9882616
FR_V15,B,Highly.managed.hedgerows.of.native.species,Rosa.sp,single.flower,5,FR,84,11.73840134,5.86920067
FR_V15,B,Highly.managed.hedgerows.of.native.species,Solanum.dulcamara,single.flower,3,FR,84,11.73840134,3.521520402
FR_V15,B,Intensive.unmixed.crops,Brassica.nigra,single.flower,150,FR,4993,697.7361654,10466.042481
FR_V15,B,Intensive.unmixed.crops,Senecio.vulgaris,capitulum,3,FR,4993,697.7361654,209.32084962
FR_V15,B,Intensive.unmixed.crops,Viola.arvensis,single.flower,12.5,FR,4993,697.7361654,872.17020675
FR_V15,B,Meso.and.eutrophic.Quercus.Carpinus.Fraxinus.Acer.Tilia.Ulmus.and.related.woodland,Lamium.maculatum,single.flower,28,FR,621,86.7803242,242.98490776
FR_V15,B,Meso.and.eutrophic.Quercus.Carpinus.Fraxinus.Acer.Tilia.Ulmus.and.related.woodland,Loncomelos.pyrenaicus,single.flower,17,FR,621,86.7803242,147.52655113999998
FR_V15,B,Meso.and.eutrophic.Quercus.Carpinus.Fraxinus.Acer.Tilia.Ulmus.and.related.woodland,Rubus.sp,single.flower,1,FR,621,86.7803242,8.67803242
FR_V15,B,Meso.and.eutrophic.Quercus.Carpinus.Fraxinus.Acer.Tilia.Ulmus.and.related.woodland,Sambucus.nigra,umbel,3,FR,621,86.7803242,26.03409726
FR_V15,B,Meso.and.eutrophic.Quercus.Carpinus.Fraxinus.Acer.Tilia.Ulmus.and.related.woodland,Stachys.sylvatica,single.flower,9,FR,621,86.7803242,78.10229178
FR_V15,B,semi.natural.grass,Geranium.columbinum,single.flower,1,FR,679,94.88541084,9.488541084000001
FR_V15,B,semi.natural.grass,Ranunculus.repens,single.flower,15,FR,679,94.88541084,142.32811626
FR_V15,B,semi.natural.grass,Trifolium.repens,flower.head,80,FR,679,94.88541084,759.08328672
FR_V15,B,Temperate.thickets.and.scrub,Anacamptis.pyramidalis,single.flower,66,FR,221,30.88317496,203.82895473600001
FR_V15,B,Temperate.thickets.and.scrub,Clematis.vitalba,single.flower,2,FR,221,30.88317496,6.176634992
FR_V15,B,Temperate.thickets.and.scrub,Medicago.lupulina,flower.head,10,FR,221,30.88317496,30.88317496
FR_V15,B,Temperate.thickets.and.scrub,Plantago.lanceolata,flower.head,19,FR,221,30.88317496,58.678032424
FR_V15,B,Temperate.thickets.and.scrub,Rosa.sp,single.flower,13,FR,221,30.88317496,40.148127448000004
FR_V15,B,Temperate.thickets.and.scrub,Vicia.sepium,single.flower,2,FR,221,30.88317496,6.176634992
FR_V15,C,Highly.artificial.broadleaved.deciduous.forestry.plantations,Bryonia.dioica,single.flower,6,FR,520,71.94244604,43.165467623999994
FR_V15,C,Highly.artificial.broadleaved.deciduous.forestry.plantations,Carduus.crispus,capitulum,106,FR,520,71.94244604,762.5899280239998
FR_V15,C,Highly.managed.hedgerows.of.native.species,Artemisia.vulgaris,flower.head,150,FR,80,11.06806862,166.0210293
FR_V15,C,Highly.managed.hedgerows.of.native.species,Daucus.carota,umbel,7,FR,80,11.06806862,7.747648033999999
FR_V15,C,Highly.managed.hedgerows.of.native.species,Hypericum.perforatum,single.flower,5,FR,80,11.06806862,5.53403431
FR_V15,C,Highly.managed.hedgerows.of.native.species,Picris.hieracioides,capitulum,13,FR,80,11.06806862,14.388489206
FR_V15,C,Highly.managed.hedgerows.of.native.species,Plantago.lanceolata,flower.head,1,FR,80,11.06806862,1.106806862
FR_V15,C,Intensive.unmixed.crops,Geranium.columbinum,single.flower,5,FR,4742,656.0597676,328.0298838
FR_V15,C,Intensive.unmixed.crops,Geranium.dissectum,single.flower,2.3333333333333335,FR,4742,656.0597676,153.08061244
FR_V15,C,Intensive.unmixed.crops,Geranium.pusillum,single.flower,3,FR,4742,656.0597676,196.81793027999998
FR_V15,C,Intensive.unmixed.crops,Lotus.corniculatus,flower.head,4,FR,4742,656.0597676,262.42390704
FR_V15,C,Intensive.unmixed.crops,Lysimachia.arvensis,single.flower,13.833333333333332,FR,4742,656.0597676,907.5493451799999
FR_V15,C,Intensive.unmixed.crops,Lysimachia.foemina,single.flower,2,FR,4742,656.0597676,131.21195352
FR_V15,C,Intensive.unmixed.crops,Myosotis.arvensis,cyme,48.5,FR,4742,656.0597676,3181.88987286
FR_V15,C,Intensive.unmixed.crops,Papaver.rhoeas,single.flower,4,FR,4742,656.0597676,262.42390704
FR_V15,C,Intensive.unmixed.crops,Plantago.lanceolata,flower.head,2.5,FR,4742,656.0597676,164.0149419
FR_V15,C,Intensive.unmixed.crops,Sherardia.arvensis,flower.head,150,FR,4742,656.0597676,9840.896514
FR_V15,C,Intensive.unmixed.crops,Silene.latifolia,single.flower,1,FR,4742,656.0597676,65.60597676
FR_V15,C,Intensive.unmixed.crops,Torilis.arvensis,umbel,95.5,FR,4742,656.0597676,6265.3707805799995
FR_V15,C,Intensive.unmixed.crops,Tripleurospermum.inodorum,capitulum,29.5,FR,4742,656.0597676,1935.3763144199997
FR_V15,C,Intensive.unmixed.crops,Veronica.persica,single.flower,5.75,FR,4742,656.0597676,377.23436637
FR_V15,C,Intensive.unmixed.crops,Viola.arvensis,single.flower,20.875,FR,4742,656.0597676,1369.524764865
FR_V15,C,Meso.and.eutrophic.Quercus.Carpinus.Fraxinus.Acer.Tilia.Ulmus.and.related.woodland,Geum.urbanum,single.flower,1,FR,800,110.6806862,11.06806862
FR_V15,C,Meso.and.eutrophic.Quercus.Carpinus.Fraxinus.Acer.Tilia.Ulmus.and.related.woodland,Rubus.sp,single.flower,1,FR,800,110.6806862,11.06806862
FR_V15,C,Meso.and.eutrophic.Quercus.Carpinus.Fraxinus.Acer.Tilia.Ulmus.and.related.woodland,Torilis.arvensis,umbel,56,FR,800,110.6806862,619.81184272
FR_V15,C,Moist.or.wet.eutrophic.and.mesotrophic.grassland,Cirsium.vulgare,capitulum,48,FR,744,102.9330382,494.07858336
FR_V15,C,Moist.or.wet.eutrophic.and.mesotrophic.grassland,Convolvulus.sepium,single.flower,1.5,FR,744,102.9330382,15.43995573
FR_V15,C,Moist.or.wet.eutrophic.and.mesotrophic.grassland,Dipsacus.fullonum,flower.head,17.5,FR,744,102.9330382,180.13281684999998
FR_V15,C,Moist.or.wet.eutrophic.and.mesotrophic.grassland,Epilobium.angustifolium,single.flower,9,FR,744,102.9330382,92.63973438000001
FR_V15,C,Moist.or.wet.eutrophic.and.mesotrophic.grassland,Erigeron.annuus,capitulum,13,FR,744,102.9330382,133.81294966000002
FR_V15,C,Moist.or.wet.eutrophic.and.mesotrophic.grassland,Eupatorium.cannabinum,flower.head,7,FR,744,102.9330382,72.05312674
FR_V15,C,Moist.or.wet.eutrophic.and.mesotrophic.grassland,Euphorbia.platyphyllos,flower.head,60,FR,744,102.9330382,617.5982292
FR_V15,C,Moist.or.wet.eutrophic.and.mesotrophic.grassland,Galium.mollugo,cyme,21.666666666666668,FR,744,102.9330382,223.02158276666668
FR_V15,C,Moist.or.wet.eutrophic.and.mesotrophic.grassland,Galium.palustre,cyme,50,FR,744,102.9330382,514.6651909999999
FR_V15,C,Moist.or.wet.eutrophic.and.mesotrophic.grassland,Silene.latifolia,single.flower,1,FR,744,102.9330382,10.29330382
FR_V15,C,Permanent.non.tidal.smooth.flowing.watercourses,Filipendula.ulmaria,flower.head,13,FR,85,11.75982291,15.287769783000002
FR_V15,C,Permanent.non.tidal.smooth.flowing.watercourses,Geum.urbanum,single.flower,2,FR,85,11.75982291,2.351964582
FR_V15,C,semi.natural.grass,Trifolium.pratense,flower.head,9,FR,100,13.83508578,12.451577202
FR_V15,C,semi.natural.grass,Trifolium.repens,flower.head,40,FR,100,13.83508578,55.34034312
FR_V15,C,Temperate.thickets.and.scrub,Agrimonia.eupatoria,single.flower,18,FR,157,21.72108467,39.097952406000005
FR_V15,C,Temperate.thickets.and.scrub,Clematis.vitalba,single.flower,5,FR,157,21.72108467,10.860542335
FR_V15,C,Temperate.thickets.and.scrub,Coronilla.varia,flower.head,11.5,FR,157,21.72108467,24.979247370499998
FR_V15,C,Temperate.thickets.and.scrub,Hypericum.perforatum,single.flower,5,FR,157,21.72108467,10.860542335
FR_V15,C,Temperate.thickets.and.scrub,Torilis.arvensis,umbel,4.5,FR,157,21.72108467,9.774488101500001
FR_V16,A,Bare.tilled.fallow.or.recently.abandoned.arable.land,Cerastium.glomeratum,single.flower,6,FR,1630,226.3888888,135.83333327999998
FR_V16,A,Bare.tilled.fallow.or.recently.abandoned.arable.land,Fragaria.vesca,single.flower,58,FR,1630,226.3888888,1313.05555504
FR_V16,A,Bare.tilled.fallow.or.recently.abandoned.arable.land,Taraxacum.officinale,capitulum,2,FR,1630,226.3888888,45.27777776
FR_V16,A,Meso.and.eutrophic.Quercus.Carpinus.Fraxinus.Acer.Tilia.Ulmus.and.related.woodland,Crataegus.sp,single.flower,15,FR,5570,773.6111112,1160.4166668
FR_V16,A,Meso.and.eutrophic.Quercus.Carpinus.Fraxinus.Acer.Tilia.Ulmus.and.related.woodland,Ficaria.verna,single.flower,3.3333333333333335,FR,5570,773.6111112,257.8703704
FR_V16,A,Meso.and.eutrophic.Quercus.Carpinus.Fraxinus.Acer.Tilia.Ulmus.and.related.woodland,Fragaria.moschata,single.flower,10,FR,5570,773.6111112,773.6111112
FR_V16,A,Meso.and.eutrophic.Quercus.Carpinus.Fraxinus.Acer.Tilia.Ulmus.and.related.woodland,Glechoma.hederacea,whorl,18.96825396825397,FR,5570,773.6111112,1467.4052029904763
FR_V16,A,Meso.and.eutrophic.Quercus.Carpinus.Fraxinus.Acer.Tilia.Ulmus.and.related.woodland,Stellaria.holostea,single.flower,46.96666666666667,FR,5570,773.6111112,3633.3935189360004
FR_V16,A,Meso.and.eutrophic.Quercus.Carpinus.Fraxinus.Acer.Tilia.Ulmus.and.related.woodland,Symphytum.officinale,cyme,5.5,FR,5570,773.6111112,425.48611116
FR_V16,A,Meso.and.eutrophic.Quercus.Carpinus.Fraxinus.Acer.Tilia.Ulmus.and.related.woodland,Veronica.chamaedrys,single.flower,1,FR,5570,773.6111112,77.36111112
FR_V16,B,Bare.tilled.fallow.or.recently.abandoned.arable.land,Crepis.pulchra,capitulum,3,FR,1108,153.8888889,46.166666670000005
FR_V16,B,Bare.tilled.fallow.or.recently.abandoned.arable.land,Galium.mollugo,cyme,1500,FR,1108,153.8888889,23083.333335000003
FR_V16,B,Bare.tilled.fallow.or.recently.abandoned.arable.land,Jacobaea.erucifolia,capitulum,6,FR,1108,153.8888889,92.33333334000001
FR_V16,B,Bare.tilled.fallow.or.recently.abandoned.arable.land,Plantago.lanceolata,flower.head,5,FR,1108,153.8888889,76.94444445
FR_V16,B,Bare.tilled.fallow.or.recently.abandoned.arable.land,Trifolium.dubium,flower.head,2,FR,1108,153.8888889,30.77777778
FR_V16,B,Highly.artificial.broadleaved.deciduous.forestry.plantations,Glechoma.hederacea,single.flower,3,FR,2332,323.8888889,97.16666667
FR_V16,B,Highly.artificial.broadleaved.deciduous.forestry.plantations,Lychnis.flos-cuculi,single.flower,5,FR,2332,323.8888889,161.94444445
FR_V16,B,Highly.artificial.broadleaved.deciduous.forestry.plantations,Myosotis.sp,cyme,55,FR,2332,323.8888889,1781.38888895
FR_V16,B,Highly.artificial.broadleaved.deciduous.forestry.plantations,Papaver.rhoeas,single.flower,1,FR,2332,323.8888889,32.38888889
FR_V16,B,Highly.artificial.broadleaved.deciduous.forestry.plantations,Rubus.sp,single.flower,2,FR,2332,323.8888889,64.77777778
FR_V16,B,Highly.artificial.broadleaved.deciduous.forestry.plantations,Vicia.sepium,single.flower,2,FR,2332,323.8888889,64.77777778
FR_V16,B,Meso.and.eutrophic.Quercus.Carpinus.Fraxinus.Acer.Tilia.Ulmus.and.related.woodland,Galium.aparine,cyme,73.33333333333333,FR,3760,522.2222222,3829.6296294666668
FR_V16,B,Meso.and.eutrophic.Quercus.Carpinus.Fraxinus.Acer.Tilia.Ulmus.and.related.woodland,Geranium.robertianum,single.flower,6,FR,3760,522.2222222,313.33333332
FR_V16,B,Meso.and.eutrophic.Quercus.Carpinus.Fraxinus.Acer.Tilia.Ulmus.and.related.woodland,Geum.urbanum,single.flower,1,FR,3760,522.2222222,52.222222220000006
FR_V16,B,Meso.and.eutrophic.Quercus.Carpinus.Fraxinus.Acer.Tilia.Ulmus.and.related.woodland,Loncomelos.pyrenaicus,single.flower,9,FR,3760,522.2222222,469.99999998000004
FR_V16,B,Meso.and.eutrophic.Quercus.Carpinus.Fraxinus.Acer.Tilia.Ulmus.and.related.woodland,Veronica.chamaedrys,single.flower,3,FR,3760,522.2222222,156.66666666
FR_V16,B,Meso.and.eutrophic.Quercus.Carpinus.Fraxinus.Acer.Tilia.Ulmus.and.related.woodland,Vicia.sepium,single.flower,2.3333333333333335,FR,3760,522.2222222,121.85185184666668
FR_V16,C,Bare.tilled.fallow.or.recently.abandoned.arable.land,Cirsium.vulgare,capitulum,6,FR,291,40.41666667,24.250000002
FR_V16,C,Bare.tilled.fallow.or.recently.abandoned.arable.land,Daucus.carota,umbel,18,FR,291,40.41666667,72.750000006
FR_V16,C,Bare.tilled.fallow.or.recently.abandoned.arable.land,Lysimachia.arvensis,single.flower,1,FR,291,40.41666667,4.041666666999999
FR_V16,C,Bare.tilled.fallow.or.recently.abandoned.arable.land,Picris.hieracioides,capitulum,4.5,FR,291,40.41666667,18.1875000015
FR_V16,C,Intensive.unmixed.crops,Aethusa.cynapium,umbel,7,FR,6909,959.5833333,671.7083333100001
FR_V16,C,Intensive.unmixed.crops,Chenopodium.album,flower.head,55.5,FR,6909,959.5833333,5325.687499815
FR_V16,C,Intensive.unmixed.crops,Daucus.carota,umbel,1,FR,6909,959.5833333,95.95833333
FR_V16,C,Intensive.unmixed.crops,Fallopia.convolvulus,single.flower,24,FR,6909,959.5833333,2302.99999992
FR_V16,C,Intensive.unmixed.crops,Helianthus.annuus,capitulum,7.541666666666667,FR,6909,959.5833333,723.68576386375
FR_V16,C,Intensive.unmixed.crops,Papaver.rhoeas,single.flower,3,FR,6909,959.5833333,287.87499999
FR_V16,C,Intensive.unmixed.crops,Senecio.vulgaris,capitulum,1,FR,6909,959.5833333,95.95833333
FR_V16,C,Intensive.unmixed.crops,Stachys.annua,single.flower,54.5,FR,6909,959.5833333,5229.729166485
FR_V16,C,Intensive.unmixed.crops,Tripleurospermum.inodorum,capitulum,4,FR,6909,959.5833333,383.83333332
FR_V16,C,Intensive.unmixed.crops,Viola.sp,single.flower,1,FR,6909,959.5833333,95.95833333
FR_V18,A,Permanent.non.tidal.smooth.flowing.watercourses,Salix.viminalis,catkins,16.666666666666668,FR,1800,250,416.6666666666667
FR_V18,A,semi.natural.grass,Bellis.perennis,capitulum,13,FR,5400,750,975
FR_V18,A,semi.natural.grass,Cerastium.glomeratum,single.flower,5,FR,5400,750,375
FR_V18,A,semi.natural.grass,Fumaria.officinalis,flower.head,3,FR,5400,750,225
FR_V18,A,semi.natural.grass,Lamium.purpureum,single.flower,86,FR,5400,750,6450
FR_V18,A,semi.natural.grass,Ranunculus.acris,single.flower,2.6666666666666665,FR,5400,750,200
FR_V18,A,semi.natural.grass,Taraxacum.officinale,capitulum,8.333333333333332,FR,5400,750,624.9999999999999
FR_V18,A,semi.natural.grass,Veronica.arvensis,single.flower,27.666666666666668,FR,5400,750,2075
FR_V18,A,semi.natural.grass,Veronica.persica,single.flower,20.555555555555554,FR,5400,750,1541.6666666666665
FR_V18,B,Meso.and.eutrophic.Quercus.Carpinus.Fraxinus.Acer.Tilia.Ulmus.and.related.woodland,Galium.aparine,cyme,758.5,FR,1955,271.9810796,20629.76488766
FR_V18,B,Meso.and.eutrophic.Quercus.Carpinus.Fraxinus.Acer.Tilia.Ulmus.and.related.woodland,Iris.pseudacorus,single.flower,7,FR,1955,271.9810796,190.38675572
FR_V18,B,Meso.and.eutrophic.Quercus.Carpinus.Fraxinus.Acer.Tilia.Ulmus.and.related.woodland,Lamium.maculatum,single.flower,46,FR,1955,271.9810796,1251.11296616
FR_V18,B,Meso.and.eutrophic.Quercus.Carpinus.Fraxinus.Acer.Tilia.Ulmus.and.related.woodland,Rosa.sp,single.flower,21,FR,1955,271.9810796,571.16026716
FR_V18,B,Meso.and.eutrophic.Quercus.Carpinus.Fraxinus.Acer.Tilia.Ulmus.and.related.woodland,Sambucus.nigra,umbel,34,FR,1955,271.9810796,924.73567064
FR_V18,B,semi.natural.grass,Barbarea.sp,flower.head,4,FR,5233,728.0189204,291.20756816
FR_V18,B,semi.natural.grass,Cerastium.sp,single.flower,1,FR,5233,728.0189204,72.80189204
FR_V18,B,semi.natural.grass,Crepis.sp,capitulum,1,FR,5233,728.0189204,72.80189204
FR_V18,B,semi.natural.grass,Geranium.dissectum,single.flower,34.166666666666664,FR,5233,728.0189204,2487.397978033333
FR_V18,B,semi.natural.grass,Hieracium.sp,capitulum,5,FR,5233,728.0189204,364.0094602
FR_V18,B,semi.natural.grass,Papaver.rhoeas,single.flower,10.5,FR,5233,728.0189204,764.41986642
FR_V18,B,semi.natural.grass,Plantago.lanceolata,flower.head,9,FR,5233,728.0189204,655.21702836
FR_V18,B,semi.natural.grass,Trifolium.campestre,flower.head,175.5,FR,5233,728.0189204,12776.73205302
FR_V18,B,semi.natural.grass,Trifolium.dubium,flower.head,200,FR,5233,728.0189204,14560.378407999999
FR_V18,B,semi.natural.grass,Trifolium.repens,flower.head,119.55555555555556,FR,5233,728.0189204,8703.870648337777
FR_V18,B,semi.natural.grass,Vicia.sp,single.flower,1,FR,5233,728.0189204,72.80189204
FR_V18,C,Intensive.unmixed.crops,Brassica.napus,single.flower,4,FR,6963,967.0833335,386.8333334
FR_V18,C,Intensive.unmixed.crops,Glycine.max,single.flower,75,FR,6963,967.0833335,7253.1250012499995
FR_V18,C,Intensive.unmixed.crops,Kickxia.elatine,single.flower,69,FR,6963,967.0833335,6672.87500115
FR_V18,C,Intensive.unmixed.crops,Kickxia.spuria,single.flower,5,FR,6963,967.0833335,483.54166675
FR_V18,C,Intensive.unmixed.crops,Persicaria.maculosa,flower.head,20.5,FR,6963,967.0833335,1982.5208336749997
FR_V18,C,Intensive.unmixed.crops,Viola.sp,single.flower,9.333333333333334,FR,6963,967.0833335,902.6111112666667
FR_V18,C,Permanent.non.tidal.smooth.flowing.watercourses,Potentilla.reptans,single.flower,3,FR,139,19.30555556,5.7916666679999995
FR_V18,C,Permanent.non.tidal.smooth.flowing.watercourses,Trifolium.repens,flower.head,16,FR,139,19.30555556,30.888888895999997
FR_V18,C,semi.natural.grass,Dipsacus.fullonum,flower.head,16,FR,98,13.61111111,21.777777776
FR_V18,C,semi.natural.grass,Hypericum.perforatum,single.flower,10,FR,98,13.61111111,13.61111111
FR_V18,C,semi.natural.grass,Lysimachia.vulgaris,single.flower,28,FR,98,13.61111111,38.111111108
FR_V18,C,semi.natural.grass,Torilis.arvensis,umbel,15,FR,98,13.61111111,20.416666665
FR_VAU,A,Highly.artificial.broadleaved.deciduous.forestry.plantations,Crataegus.sp,single.flower,1500,FR,525,72.86606523,10929.909784500001
FR_VAU,A,Highly.artificial.broadleaved.deciduous.forestry.plantations,Glechoma.hederacea,single.flower,12,FR,525,72.86606523,87.43927827600001
FR_VAU,A,Highly.artificial.broadleaved.deciduous.forestry.plantations,Taraxacum.officinale,capitulum,1,FR,525,72.86606523,7.286606523000001
FR_VAU,A,Low.and.medium.altitude.hay.meadows,Crataegus.sp,single.flower,350,FR,1800,249.8265094,8743.927829
FR_VAU,A,Low.and.medium.altitude.hay.meadows,Glechoma.hederacea,single.flower,35,FR,1800,249.8265094,874.3927829
FR_VAU,A,Low.and.medium.altitude.hay.meadows,Malus.sp,single.flower,250,FR,1800,249.8265094,6245.662735
FR_VAU,A,Low.and.medium.altitude.hay.meadows,Plantago.lanceolata,flower.head,6,FR,1800,249.8265094,149.89590564
FR_VAU,A,Low.and.medium.altitude.hay.meadows,Ranunculus.acris,single.flower,9,FR,1800,249.8265094,224.84385846
FR_VAU,A,Low.and.medium.altitude.hay.meadows,Spartium.junceum,single.flower,250,FR,1800,249.8265094,6245.662735
FR_VAU,A,Low.and.medium.altitude.hay.meadows,Veronica.arvensis,single.flower,3,FR,1800,249.8265094,74.94795282
FR_VAU,A,Low.and.medium.altitude.hay.meadows,Vicia.sp,single.flower,1,FR,1800,249.8265094,24.98265094
FR_VAU,A,Park.lawns,Bellis.perennis,capitulum,48,FR,1005,139.4864677,669.5350449599999
FR_VAU,A,Park.lawns,Geranium.molle,single.flower,8,FR,1005,139.4864677,111.58917416
FR_VAU,A,Park.lawns,Medicago.arabica,flower.head,16,FR,1005,139.4864677,223.17834832
FR_VAU,A,Park.lawns,Myosotis.sp,cyme,450,FR,1005,139.4864677,6276.891046499999
FR_VAU,A,Park.lawns,Veronica.persica,single.flower,3,FR,1005,139.4864677,41.845940309999996
FR_VAU,A,Park.lawns,Viburnum.lantana,umbel,18,FR,1005,139.4864677,251.07564186
FR_VAU,A,Permanent.non.tidal.smooth.flowing.watercourses,Glechoma.hederacea,single.flower,9,FR,750,104.0943789,93.68494101
FR_VAU,A,Permanent.non.tidal.smooth.flowing.watercourses,Salix.sp,catkins,16,FR,750,104.0943789,166.55100624
FR_VAU,A,Permanent.non.tidal.smooth.flowing.watercourses,Stellaria.holostea,single.flower,42,FR,750,104.0943789,437.19639138
FR_VAU,A,Small.scale.ornamental.and.domestic.garden.areas,Bellis.perennis,capitulum,21.5,FR,3125,433.7265788,932.51214442
FR_VAU,A,Small.scale.ornamental.and.domestic.garden.areas,Borago.officinalis,single.flower,1,FR,3125,433.7265788,43.372657880000006
FR_VAU,A,Small.scale.ornamental.and.domestic.garden.areas,Erodium.cicutarium,single.flower,2,FR,3125,433.7265788,86.74531576000001
FR_VAU,A,Small.scale.ornamental.and.domestic.garden.areas,Euphorbia.sp,flower.head,72,FR,3125,433.7265788,3122.83136736
FR_VAU,A,Small.scale.ornamental.and.domestic.garden.areas,Fragaria.sp,single.flower,7,FR,3125,433.7265788,303.60860516
FR_VAU,A,Small.scale.ornamental.and.domestic.garden.areas,Hyacinthoides.sp,single.flower,6,FR,3125,433.7265788,260.23594728
FR_VAU,A,Small.scale.ornamental.and.domestic.garden.areas,Hydrangea.arborescens,flower.head,150,FR,3125,433.7265788,6505.898682000001
FR_VAU,A,Small.scale.ornamental.and.domestic.garden.areas,Malus.sp,single.flower,200,FR,3125,433.7265788,8674.531576000001
FR_VAU,A,Small.scale.ornamental.and.domestic.garden.areas,Muscari.comosum,flower.head,4,FR,3125,433.7265788,173.49063152000002
FR_VAU,A,Small.scale.ornamental.and.domestic.garden.areas,Muscari.neglectum,flower.head,23,FR,3125,433.7265788,997.5711312400001
FR_VAU,A,Small.scale.ornamental.and.domestic.garden.areas,Primula.vulgaris,single.flower,6,FR,3125,433.7265788,260.23594728
FR_VAU,A,Small.scale.ornamental.and.domestic.garden.areas,Prunus.laurocerasus,flower.head,4,FR,3125,433.7265788,173.49063152000002
FR_VAU,A,Small.scale.ornamental.and.domestic.garden.areas,Senecio.vulgaris,capitulum,140.5,FR,3125,433.7265788,6093.85843214
FR_VAU,A,Small.scale.ornamental.and.domestic.garden.areas,Spiraea.sp,flower.head,150,FR,3125,433.7265788,6505.898682000001
FR_VAU,A,Small.scale.ornamental.and.domestic.garden.areas,Syringia.vulgaris,flower.head,150,FR,3125,433.7265788,6505.898682000001
FR_VAU,A,Small.scale.ornamental.and.domestic.garden.areas,Taraxacum.officinale,capitulum,7.333333333333333,FR,3125,433.7265788,318.0661577866667
FR_VAU,A,Small.scale.ornamental.and.domestic.garden.areas,Tulipa.sp,single.flower,4,FR,3125,433.7265788,173.49063152000002
FR_VAU,A,Small.scale.ornamental.and.domestic.garden.areas,Valerianella.locusta,umbel,150,FR,3125,433.7265788,6505.898682000001
FR_VAU,A,Small.scale.ornamental.and.domestic.garden.areas,Veronica.persica,single.flower,23,FR,3125,433.7265788,997.5711312400001
FR_VAU,A,Small.scale.ornamental.and.domestic.garden.areas,Viola.sp,single.flower,1,FR,3125,433.7265788,43.372657880000006
FR_VAU,A,Small.scale.ornamental.and.domestic.garden.areas,Wisteria.sinensis,single.flower,1500,FR,3125,433.7265788,65058.986820000006
FR_VAU,B,Highly.artificial.broadleaved.deciduous.forestry.plantations,Ranunculus.auricomus,single.flower,10,FR,526,73.05555556,73.05555556
FR_VAU,B,Low.and.medium.altitude.hay.meadows,Ajuga.reptans,single.flower,12,FR,1824,253.3333334,304.00000007999995
FR_VAU,B,Low.and.medium.altitude.hay.meadows,Geum.urbanum,single.flower,32,FR,1824,253.3333334,810.66666688
FR_VAU,B,Low.and.medium.altitude.hay.meadows,Medicago.arabica,flower.head,56,FR,1824,253.3333334,1418.66666704
FR_VAU,B,Low.and.medium.altitude.hay.meadows,Ranunculus.acris,single.flower,31.333333333333336,FR,1824,253.3333334,793.7777779866667
FR_VAU,B,Low.and.medium.altitude.hay.meadows,Vicia.sativa,single.flower,1,FR,1824,253.3333334,25.33333334
FR_VAU,B,Park.lawns,Bellis.perennis,capitulum,12,FR,1020,141.6666667,170.00000004
FR_VAU,B,Park.lawns,Capsella.bursa-pastoris,single.flower,7,FR,1020,141.6666667,99.16666669000001
FR_VAU,B,Park.lawns,Geranium.molle,single.flower,36.5,FR,1020,141.6666667,517.083333455
FR_VAU,B,Park.lawns,Geranium.pusillum,single.flower,1,FR,1020,141.6666667,14.166666670000001
FR_VAU,B,Park.lawns,Medicago.lupulina,flower.head,2,FR,1020,141.6666667,28.333333340000003
FR_VAU,B,Park.lawns,Myosotis.sp,cyme,15.5,FR,1020,141.6666667,219.583333385
FR_VAU,B,Park.lawns,Ranunculus.sp,single.flower,2,FR,1020,141.6666667,28.333333340000003
FR_VAU,B,Park.lawns,Trifolium.repens,flower.head,50,FR,1020,141.6666667,708.3333335
FR_VAU,B,Park.lawns,Veronica.arvensis,single.flower,87,FR,1020,141.6666667,1232.5000002900001
FR_VAU,B,Park.lawns,Veronica.persica,single.flower,4,FR,1020,141.6666667,56.666666680000006
FR_VAU,B,Permanent.non.tidal.smooth.flowing.watercourses,Chelidonium.majus,single.flower,36,FR,590,81.94444444,294.999999984
FR_VAU,B,Permanent.non.tidal.smooth.flowing.watercourses,Galium.aparine,cyme,12,FR,590,81.94444444,98.33333332800001
FR_VAU,B,Permanent.non.tidal.smooth.flowing.watercourses,Veronica.chamaedrys,single.flower,9,FR,590,81.94444444,73.749999996
FR_VAU,B,Small.scale.ornamental.and.domestic.garden.areas,Allium.sp,flower.head,48.5,FR,3240,450,2182.5
FR_VAU,B,Small.scale.ornamental.and.domestic.garden.areas,Bellis.perennis,capitulum,22.5,FR,3240,450,1012.5
FR_VAU,B,Small.scale.ornamental.and.domestic.garden.areas,Borago.officinalis,single.flower,43,FR,3240,450,1935
FR_VAU,B,Small.scale.ornamental.and.domestic.garden.areas,Cerastium.sp,single.flower,2,FR,3240,450,90
FR_VAU,B,Small.scale.ornamental.and.domestic.garden.areas,Chelidonium.majus,single.flower,1,FR,3240,450,45
FR_VAU,B,Small.scale.ornamental.and.domestic.garden.areas,Crepis.sp,capitulum,4.5,FR,3240,450,202.5
FR_VAU,B,Small.scale.ornamental.and.domestic.garden.areas,Erodium.cicutarium,single.flower,32,FR,3240,450,1440
FR_VAU,B,Small.scale.ornamental.and.domestic.garden.areas,Eschscholzia.californica,single.flower,37,FR,3240,450,1665
FR_VAU,B,Small.scale.ornamental.and.domestic.garden.areas,Galium.aparine,cyme,10,FR,3240,450,450
FR_VAU,B,Small.scale.ornamental.and.domestic.garden.areas,Geranium.molle,single.flower,22,FR,3240,450,990
FR_VAU,B,Small.scale.ornamental.and.domestic.garden.areas,Geranium.pusillum,single.flower,27,FR,3240,450,1215
FR_VAU,B,Small.scale.ornamental.and.domestic.garden.areas,Geranium.robertianum,single.flower,2,FR,3240,450,90
FR_VAU,B,Small.scale.ornamental.and.domestic.garden.areas,Hieracium.sp,capitulum,31,FR,3240,450,1395
FR_VAU,B,Small.scale.ornamental.and.domestic.garden.areas,Lapsana.communis,capitulum,5,FR,3240,450,225
FR_VAU,B,Small.scale.ornamental.and.domestic.garden.areas,Lysimachia.arvensis,single.flower,2,FR,3240,450,90
FR_VAU,B,Small.scale.ornamental.and.domestic.garden.areas,Medicago.arabica,flower.head,6,FR,3240,450,270
FR_VAU,B,Small.scale.ornamental.and.domestic.garden.areas,Medicago.lupulina,flower.head,44,FR,3240,450,1980
FR_VAU,B,Small.scale.ornamental.and.domestic.garden.areas,Myosotis.sp,cyme,9,FR,3240,450,405
FR_VAU,B,Small.scale.ornamental.and.domestic.garden.areas,Papaver.rhoeas,single.flower,1,FR,3240,450,45
FR_VAU,B,Small.scale.ornamental.and.domestic.garden.areas,Photinia.serrulata,umbel,150,FR,3240,450,6750
FR_VAU,B,Small.scale.ornamental.and.domestic.garden.areas,Pyracantha.sp,highbush,250,FR,3240,450,11250
FR_VAU,B,Small.scale.ornamental.and.domestic.garden.areas,Ranunculus.acris,single.flower,32,FR,3240,450,1440
FR_VAU,B,Small.scale.ornamental.and.domestic.garden.areas,Ranunculus.sp,single.flower,9,FR,3240,450,405
FR_VAU,B,Small.scale.ornamental.and.domestic.garden.areas,Senecio.vulgaris,capitulum,10,FR,3240,450,450
FR_VAU,B,Small.scale.ornamental.and.domestic.garden.areas,Stellaria.media,single.flower,6,FR,3240,450,270
FR_VAU,B,Small.scale.ornamental.and.domestic.garden.areas,Veronica.arvensis,single.flower,7.5,FR,3240,450,337.5
FR_VAU,B,Small.scale.ornamental.and.domestic.garden.areas,Veronica.persica,single.flower,2,FR,3240,450,90
FR_VAU,B,Small.scale.ornamental.and.domestic.garden.areas,Viburnum.lantana,umbel,45,FR,3240,450,2025
FR_VAU,C,Highly.artificial.broadleaved.deciduous.forestry.plantations,Cirsium.vulgare,capitulum,6,FR,615,85.3573907,51.214434419999996
FR_VAU,C,Highly.artificial.broadleaved.deciduous.forestry.plantations,Epilobium.parviflorum,single.flower,2,FR,615,85.3573907,17.07147814
FR_VAU,C,Highly.artificial.broadleaved.deciduous.forestry.plantations,Epipactis.helleborine,single.flower,67,FR,615,85.3573907,571.8945176899999
FR_VAU,C,Highly.artificial.broadleaved.deciduous.forestry.plantations,Geum.urbanum,single.flower,1,FR,615,85.3573907,8.53573907
FR_VAU,C,Highly.artificial.broadleaved.deciduous.forestry.plantations,Hypericum.perforatum,single.flower,28.5,FR,615,85.3573907,243.268563495
FR_VAU,C,Low.and.medium.altitude.hay.meadows,Crepis.sp,capitulum,41,FR,1969,273.2824427,1120.4580150699999
FR_VAU,C,Low.and.medium.altitude.hay.meadows,Hypochaeris.sp,capitulum,68,FR,1969,273.2824427,1858.3206103599998
FR_VAU,C,Low.and.medium.altitude.hay.meadows,Lotus.corniculatus,flower.head,72,FR,1969,273.2824427,1967.63358744
FR_VAU,C,Low.and.medium.altitude.hay.meadows,Plantago.lanceolata,flower.head,18,FR,1969,273.2824427,491.90839686
FR_VAU,C,Low.and.medium.altitude.hay.meadows,Prunella.vulgaris,flower.head,2,FR,1969,273.2824427,54.65648854
FR_VAU,C,Low.and.medium.altitude.hay.meadows,Rumex.conglomeratus,flower.head,32,FR,1969,273.2824427,874.50381664
FR_VAU,C,Low.and.medium.altitude.hay.meadows,Tragopogon.pratensis,capitulum,1,FR,1969,273.2824427,27.32824427
FR_VAU,C,Low.and.medium.altitude.hay.meadows,Trifolium.arvense,flower.head,2,FR,1969,273.2824427,54.65648854
FR_VAU,C,Low.and.medium.altitude.hay.meadows,Trifolium.pratense,flower.head,26,FR,1969,273.2824427,710.5343510199999
FR_VAU,C,Low.and.medium.altitude.hay.meadows,Trifolium.repens,flower.head,1,FR,1969,273.2824427,27.32824427
FR_VAU,C,Park.lawns,Arenaria.serpyllifolia,flower.head,3,FR,873,121.165857,36.3497571
FR_VAU,C,Park.lawns,Bellis.perennis,capitulum,6,FR,873,121.165857,72.6995142
FR_VAU,C,Park.lawns,Crepis.sp,capitulum,67,FR,873,121.165857,811.8112419
FR_VAU,C,Park.lawns,Geranium.molle,single.flower,9,FR,873,121.165857,109.04927130000002
FR_VAU,C,Park.lawns,Hypochaeris.sp,capitulum,3,FR,873,121.165857,36.3497571
FR_VAU,C,Park.lawns,Medicago.lupulina,flower.head,1,FR,873,121.165857,12.1165857
FR_VAU,C,Park.lawns,Plantago.lanceolata,flower.head,16,FR,873,121.165857,193.8653712
FR_VAU,C,Park.lawns,Trifolium.repens,flower.head,5,FR,873,121.165857,60.5829285
FR_VAU,C,Permanent.non.tidal.smooth.flowing.watercourses,Convolvulus.sepium,single.flower,5,FR,508,70.50659264,35.25329632
FR_VAU,C,Permanent.non.tidal.smooth.flowing.watercourses,Daucus.carota,umbel,3,FR,508,70.50659264,21.151977791999997
FR_VAU,C,Permanent.non.tidal.smooth.flowing.watercourses,Lythrum.salicaria,single.flower,59,FR,508,70.50659264,415.98889657599995
FR_VAU,C,Small.scale.ornamental.and.domestic.garden.areas,Achillea.millefolium,umbel,2,FR,3240,449.6877169,89.93754338
FR_VAU,C,Small.scale.ornamental.and.domestic.garden.areas,Agrimonia.eupatoria,single.flower,36,FR,3240,449.6877169,1618.87578084
FR_VAU,C,Small.scale.ornamental.and.domestic.garden.areas,Borago.officinalis,single.flower,25,FR,3240,449.6877169,1124.21929225
FR_VAU,C,Small.scale.ornamental.and.domestic.garden.areas,Calendula.arvensis,capitulum,1,FR,3240,449.6877169,44.96877169
FR_VAU,C,Small.scale.ornamental.and.domestic.garden.areas,Cerastium.sp,single.flower,1,FR,3240,449.6877169,44.96877169
FR_VAU,C,Small.scale.ornamental.and.domestic.garden.areas,Convolvulus.arvensis,single.flower,6,FR,3240,449.6877169,269.81263014
FR_VAU,C,Small.scale.ornamental.and.domestic.garden.areas,Crepis.capillaris,capitulum,10.5,FR,3240,449.6877169,472.172102745
FR_VAU,C,Small.scale.ornamental.and.domestic.garden.areas,Cyanus.segetum,capitulum,12,FR,3240,449.6877169,539.62526028
FR_VAU,C,Small.scale.ornamental.and.domestic.garden.areas,Daucus.carota,umbel,11,FR,3240,449.6877169,494.65648859000004
FR_VAU,C,Small.scale.ornamental.and.domestic.garden.areas,Geranium.dissectum,single.flower,4,FR,3240,449.6877169,179.87508676
FR_VAU,C,Small.scale.ornamental.and.domestic.garden.areas,Hibiscus.sp,single.flower,21,FR,3240,449.6877169,944.34420549
FR_VAU,C,Small.scale.ornamental.and.domestic.garden.areas,Hypochaeris.sp,capitulum,4.6,FR,3240,449.6877169,206.856349774
FR_VAU,C,Small.scale.ornamental.and.domestic.garden.areas,Lavandula.sp,flower.head,39,FR,3240,449.6877169,1753.7820959100002
FR_VAU,C,Small.scale.ornamental.and.domestic.garden.areas,Lysimachia.arvensis,single.flower,2,FR,3240,449.6877169,89.93754338
FR_VAU,C,Small.scale.ornamental.and.domestic.garden.areas,Medicago.lupulina,flower.head,44.25,FR,3240,449.6877169,1989.8681472824999
FR_VAU,C,Small.scale.ornamental.and.domestic.garden.areas,Mercurialis.annua,flower.head,12,FR,3240,449.6877169,539.62526028
FR_VAU,C,Small.scale.ornamental.and.domestic.garden.areas,Myosotis.sp,cyme,5,FR,3240,449.6877169,224.84385845000003
FR_VAU,C,Small.scale.ornamental.and.domestic.garden.areas,Papaver.rhoeas,single.flower,6.25,FR,3240,449.6877169,281.0548230625
FR_VAU,C,Small.scale.ornamental.and.domestic.garden.areas,Plantago.lanceolata,flower.head,26.5,FR,3240,449.6877169,1191.672449785
FR_VAU,C,Small.scale.ornamental.and.domestic.garden.areas,Potentilla.reptans,single.flower,3,FR,3240,449.6877169,134.90631507
FR_VAU,C,Small.scale.ornamental.and.domestic.garden.areas,Prunella.vulgaris,flower.head,200,FR,3240,449.6877169,8993.754338
FR_VAU,C,Small.scale.ornamental.and.domestic.garden.areas,Sherardia.arvensis,flower.head,68,FR,3240,449.6877169,3057.87647492
FR_VAU,C,Small.scale.ornamental.and.domestic.garden.areas,Sinapis.sp,single.flower,36,FR,3240,449.6877169,1618.87578084
FR_VAU,C,Small.scale.ornamental.and.domestic.garden.areas,Torilis.arvensis,umbel,22,FR,3240,449.6877169,989.3129771800001
FR_VDI,A,Meso.and.eutrophic.Quercus.Carpinus.Fraxinus.Acer.Tilia.Ulmus.and.related.woodland,Ficaria.verna,single.flower,2,FR,225,31.25,6.25
FR_VDI,A,Meso.and.eutrophic.Quercus.Carpinus.Fraxinus.Acer.Tilia.Ulmus.and.related.woodland,Primula.vulgaris,single.flower,5,FR,225,31.25,15.625
FR_VDI,A,Meso.and.eutrophic.Quercus.Carpinus.Fraxinus.Acer.Tilia.Ulmus.and.related.woodland,Taraxacum.officinale,capitulum,1,FR,225,31.25,3.125
FR_VDI,A,Park.lawns,Arabidopsis.thaliana,flower.head,4,FR,5220,725,290
FR_VDI,A,Park.lawns,Bellis.perennis,capitulum,113.66666666666667,FR,5220,725,8240.833333333334
FR_VDI,A,Park.lawns,Cerastium.glomeratum,single.flower,3,FR,5220,725,217.5
FR_VDI,A,Park.lawns,Cydonia.oblonga,single.flower,250,FR,5220,725,18125
FR_VDI,A,Park.lawns,Dasiphora.fruticosa,single.flower,13,FR,5220,725,942.5
FR_VDI,A,Park.lawns,Erodium.cicutarium,single.flower,91,FR,5220,725,6597.5
FR_VDI,A,Park.lawns,Prunus.mahaleb,single.flower,19,FR,5220,725,1377.5
FR_VDI,A,Park.lawns,Prunus.serrulata,single.flower,18,FR,5220,725,1305
FR_VDI,A,Park.lawns,Prunus.sp,single.flower,1500,FR,5220,725,108750
FR_VDI,A,Park.lawns,Ranunculus.repens,single.flower,2,FR,5220,725,145
FR_VDI,A,Park.lawns,Stellaria.media,single.flower,2,FR,5220,725,145
FR_VDI,A,Park.lawns,Taraxacum.officinale,capitulum,12,FR,5220,725,870
FR_VDI,A,Park.lawns,Veronica.arvensis,single.flower,13,FR,5220,725,942.5
FR_VDI,A,Park.lawns,Veronica.persica,single.flower,10,FR,5220,725,725
FR_VDI,A,Small.scale.ornamental.and.domestic.garden.areas,Arabidopsis.thaliana,flower.head,10,FR,1755,243.75,243.75
FR_VDI,A,Small.scale.ornamental.and.domestic.garden.areas,Bellis.perennis,capitulum,78.6,FR,1755,243.75,1915.875
FR_VDI,A,Small.scale.ornamental.and.domestic.garden.areas,Euphorbia.exigua,flower.head,10,FR,1755,243.75,243.75
FR_VDI,A,Small.scale.ornamental.and.domestic.garden.areas,Lamium.purpureum,single.flower,46.75,FR,1755,243.75,1139.53125
FR_VDI,A,Small.scale.ornamental.and.domestic.garden.areas,Myosotis.sp,cyme,27.5,FR,1755,243.75,670.3125
FR_VDI,A,Small.scale.ornamental.and.domestic.garden.areas,Primula.vulgaris,single.flower,2,FR,1755,243.75,48.75
FR_VDI,A,Small.scale.ornamental.and.domestic.garden.areas,Prunus.avium,single.flower,50,FR,1755,243.75,1218.75
FR_VDI,A,Small.scale.ornamental.and.domestic.garden.areas,Senecio.vulgaris,capitulum,2,FR,1755,243.75,48.75
FR_VDI,A,Small.scale.ornamental.and.domestic.garden.areas,Syringia.vulgaris,flower.head,46,FR,1755,243.75,1121.25
FR_VDI,A,Small.scale.ornamental.and.domestic.garden.areas,Taraxacum.officinale,capitulum,4.8,FR,1755,243.75,117
FR_VDI,A,Small.scale.ornamental.and.domestic.garden.areas,Veronica.arvensis,single.flower,24.4,FR,1755,243.75,594.75
FR_VDI,A,Small.scale.ornamental.and.domestic.garden.areas,Veronica.persica,single.flower,12.666666666666666,FR,1755,243.75,308.75
FR_VDI,A,Small.scale.ornamental.and.domestic.garden.areas,Viola.sp,single.flower,1,FR,1755,243.75,24.375
FR_VDI,B,Meso.and.eutrophic.Quercus.Carpinus.Fraxinus.Acer.Tilia.Ulmus.and.related.woodland,Anthriscus.sylvestris,umbel,35,FR,418,58.05555556,203.19444446
FR_VDI,B,Meso.and.eutrophic.Quercus.Carpinus.Fraxinus.Acer.Tilia.Ulmus.and.related.woodland,Galium.aparine,cyme,4.5,FR,418,58.05555556,26.125000002
FR_VDI,B,Meso.and.eutrophic.Quercus.Carpinus.Fraxinus.Acer.Tilia.Ulmus.and.related.woodland,Geum.urbanum,single.flower,2,FR,418,58.05555556,11.611111112
FR_VDI,B,Park.lawns,Arenaria.serpyllifolia,flower.head,12,FR,4980,691.6666668,830.0000001600001
FR_VDI,B,Park.lawns,Bellis.perennis,capitulum,42.44444444444444,FR,4980,691.6666668,2935.7407413066667
FR_VDI,B,Park.lawns,Calendula.sp,capitulum,3,FR,4980,691.6666668,207.50000004000003
FR_VDI,B,Park.lawns,Cerastium.sp,single.flower,1,FR,4980,691.6666668,69.16666668
FR_VDI,B,Park.lawns,Geranium.molle,single.flower,2,FR,4980,691.6666668,138.33333336
FR_VDI,B,Park.lawns,Linum.usitatissimum,single.flower,16,FR,4980,691.6666668,1106.66666688
FR_VDI,B,Park.lawns,Medicago.arabica,flower.head,11,FR,4980,691.6666668,760.8333334800001
FR_VDI,B,Park.lawns,Medicago.lupulina,flower.head,14,FR,4980,691.6666668,968.3333335200001
FR_VDI,B,Park.lawns,Plantago.major,flower.head,150,FR,4980,691.6666668,10375.000002
FR_VDI,B,Park.lawns,Pyracantha.sp,highbush,55,FR,4980,691.6666668,3804.1666674
FR_VDI,B,Park.lawns,Rosa.sp,single.flower,11,FR,4980,691.6666668,760.8333334800001
FR_VDI,B,Park.lawns,Veronica.arvensis,single.flower,11.666666666666666,FR,4980,691.6666668,806.9444446
FR_VDI,B,Park.lawns,Veronica.persica,single.flower,2,FR,4980,691.6666668,138.33333336
FR_VDI,B,Small.scale.ornamental.and.domestic.garden.areas,Allium.schoenoprasum,flower.head,4,FR,1802,250.2777778,100.11111112
FR_VDI,B,Small.scale.ornamental.and.domestic.garden.areas,Bellis.perennis,capitulum,43.333333333333336,FR,1802,250.2777778,1084.5370371333333
FR_VDI,B,Small.scale.ornamental.and.domestic.garden.areas,Cerastium.sp,single.flower,5,FR,1802,250.2777778,125.13888890000001
FR_VDI,B,Small.scale.ornamental.and.domestic.garden.areas,Geranium.molle,single.flower,4,FR,1802,250.2777778,100.11111112
FR_VDI,B,Small.scale.ornamental.and.domestic.garden.areas,Medicago.lupulina,flower.head,43,FR,1802,250.2777778,1076.19444454
FR_VDI,B,Small.scale.ornamental.and.domestic.garden.areas,Myosotis.sp,cyme,17,FR,1802,250.2777778,425.47222226
FR_VDI,B,Small.scale.ornamental.and.domestic.garden.areas,Pyracantha.sp,highbush,250,FR,1802,250.2777778,6256.944444999999
FR_VDI,B,Small.scale.ornamental.and.domestic.garden.areas,Ranunculus.acris,single.flower,13,FR,1802,250.2777778,325.36111114
FR_VDI,B,Small.scale.ornamental.and.domestic.garden.areas,Rosa.sp,single.flower,10,FR,1802,250.2777778,250.27777780000002
FR_VDI,B,Small.scale.ornamental.and.domestic.garden.areas,Rubus.idaeus,single.flower,150,FR,1802,250.2777778,3754.166667
FR_VDI,B,Small.scale.ornamental.and.domestic.garden.areas,Salvia.sp,single.flower,57,FR,1802,250.2777778,1426.58333346
FR_VDI,B,Small.scale.ornamental.and.domestic.garden.areas,Scandix.pecten-veneris,umbel,9,FR,1802,250.2777778,225.25000002000002
FR_VDI,B,Small.scale.ornamental.and.domestic.garden.areas,Thymus.sp,single.flower,825,FR,1802,250.2777778,20647.916668500002
FR_VDI,B,Small.scale.ornamental.and.domestic.garden.areas,Trifolium.dubium,flower.head,150,FR,1802,250.2777778,3754.166667
FR_VDI,B,Small.scale.ornamental.and.domestic.garden.areas,Valerianella.locusta,umbel,3,FR,1802,250.2777778,75.08333334
FR_VDI,B,Small.scale.ornamental.and.domestic.garden.areas,Veronica.arvensis,single.flower,12,FR,1802,250.2777778,300.33333336
FR_VDI,B,Small.scale.ornamental.and.domestic.garden.areas,Veronica.persica,single.flower,8,FR,1802,250.2777778,200.22222224
FR_VDI,B,Small.scale.ornamental.and.domestic.garden.areas,Vicia.sp,single.flower,1,FR,1802,250.2777778,25.02777778
FR_VDI,C,Park.lawns,Achillea.millefolium,umbel,150,FR,5161,720.7093982,10810.640973
FR_VDI,C,Park.lawns,Anthemis.arvensis,capitulum,16,FR,5161,720.7093982,1153.13503712
FR_VDI,C,Park.lawns,Bellis.perennis,capitulum,3.5,FR,5161,720.7093982,252.24828937
FR_VDI,C,Park.lawns,Coronilla.varia,flower.head,10,FR,5161,720.7093982,720.7093982
FR_VDI,C,Park.lawns,Cota.tinctoria,capitulum,4,FR,5161,720.7093982,288.28375928
FR_VDI,C,Park.lawns,Crepis.sp,capitulum,2,FR,5161,720.7093982,144.14187964
FR_VDI,C,Park.lawns,Cyanus.segetum,capitulum,1,FR,5161,720.7093982,72.07093982
FR_VDI,C,Park.lawns,Daucus.carota,umbel,26,FR,5161,720.7093982,1873.84443532
FR_VDI,C,Park.lawns,Geranium.dissectum,single.flower,1,FR,5161,720.7093982,72.07093982
FR_VDI,C,Park.lawns,Geum.urbanum,single.flower,3,FR,5161,720.7093982,216.21281946
FR_VDI,C,Park.lawns,Hibiscus.sp,single.flower,16,FR,5161,720.7093982,1153.13503712
FR_VDI,C,Park.lawns,Hypericum.perforatum,single.flower,9,FR,5161,720.7093982,648.63845838
FR_VDI,C,Park.lawns,Jacobaea.vulgaris,capitulum,100,FR,5161,720.7093982,7207.093982
FR_VDI,C,Park.lawns,Linaria.vulgaris,single.flower,3,FR,5161,720.7093982,216.21281946
FR_VDI,C,Park.lawns,Linum.usitatissimum,single.flower,21,FR,5161,720.7093982,1513.48973622
FR_VDI,C,Park.lawns,Lotus.corniculatus,flower.head,8,FR,5161,720.7093982,576.56751856
FR_VDI,C,Park.lawns,Medicago.lupulina,flower.head,39.25,FR,5161,720.7093982,2828.784387935
FR_VDI,C,Park.lawns,Plantago.lanceolata,flower.head,14.5,FR,5161,720.7093982,1045.0286273899999
FR_VDI,C,Park.lawns,Prunella.vulgaris,flower.head,7,FR,5161,720.7093982,504.49657874
FR_VDI,C,Park.lawns,Sherardia.arvensis,flower.head,4,FR,5161,720.7093982,288.28375928
FR_VDI,C,Park.lawns,Torilis.arvensis,umbel,16,FR,5161,720.7093982,1153.13503712
FR_VDI,C,Park.lawns,Trifolium.pratense,flower.head,5,FR,5161,720.7093982,360.3546991
FR_VDI,C,Park.lawns,Xeranthemum.sp,capitulum,6.5,FR,5161,720.7093982,468.46110883
FR_VDI,C,Small.scale.ornamental.and.domestic.garden.areas,Bellis.perennis,capitulum,2.5,FR,2000,279.2906019,69.822650475
FR_VDI,C,Small.scale.ornamental.and.domestic.garden.areas,Convolvulus.arvensis,single.flower,6,FR,2000,279.2906019,167.57436114
FR_VDI,C,Small.scale.ornamental.and.domestic.garden.areas,Convolvulus.sepium,single.flower,2,FR,2000,279.2906019,55.85812038
FR_VDI,C,Small.scale.ornamental.and.domestic.garden.areas,Cota.tinctoria,capitulum,17,FR,2000,279.2906019,474.79402323000005
FR_VDI,C,Small.scale.ornamental.and.domestic.garden.areas,Crepis.sp,capitulum,7,FR,2000,279.2906019,195.50342133
FR_VDI,C,Small.scale.ornamental.and.domestic.garden.areas,Cyanus.segetum,capitulum,31,FR,2000,279.2906019,865.8008658900001
FR_VDI,C,Small.scale.ornamental.and.domestic.garden.areas,Eschscholzia.californica,single.flower,1,FR,2000,279.2906019,27.92906019
FR_VDI,C,Small.scale.ornamental.and.domestic.garden.areas,Geum.urbanum,single.flower,1,FR,2000,279.2906019,27.92906019
FR_VDI,C,Small.scale.ornamental.and.domestic.garden.areas,Hibiscus.sp,single.flower,23,FR,2000,279.2906019,642.3683843700001
FR_VDI,C,Small.scale.ornamental.and.domestic.garden.areas,Lavandula.sp,flower.head,12,FR,2000,279.2906019,335.14872228
FR_VDI,C,Small.scale.ornamental.and.domestic.garden.areas,Lysimachia.arvensis,single.flower,12,FR,2000,279.2906019,335.14872228
FR_VDI,C,Small.scale.ornamental.and.domestic.garden.areas,Medicago.lupulina,flower.head,28,FR,2000,279.2906019,782.01368532
FR_VDI,C,Small.scale.ornamental.and.domestic.garden.areas,Nigella.sp,single.flower,22,FR,2000,279.2906019,614.4393241800001
FR_VDI,C,Small.scale.ornamental.and.domestic.garden.areas,Origanum.vulgare,flower.head,150,FR,2000,279.2906019,4189.3590285
FR_VDI,C,Small.scale.ornamental.and.domestic.garden.areas,Torilis.arvensis,umbel,26,FR,2000,279.2906019,726.15556494
FR_VNU,A,Bare.tilled.fallow.or.recently.abandoned.arable.land,Scandix.pecten-veneris,umbel,30,FR,798,110.8333333,332.49999990000003
FR_VNU,A,Bare.tilled.fallow.or.recently.abandoned.arable.land,Sinapis.sp,flower.head,20,FR,798,110.8333333,221.6666666
FR_VNU,A,Bare.tilled.fallow.or.recently.abandoned.arable.land,Veronica.persica,single.flower,6,FR,798,110.8333333,66.49999998000001
FR_VNU,A,Park.lawns,Anthyllis.vulneraria,flower.head,28,FR,5512,765.5555556,2143.55555568
FR_VNU,A,Park.lawns,Bellis.perennis,capitulum,71.16666666666667,FR,5512,765.5555556,5448.20370402
FR_VNU,A,Park.lawns,Crepis.sp,capitulum,30,FR,5512,765.5555556,2296.6666668000003
FR_VNU,A,Park.lawns,Draba.verna,flower.head,12,FR,5512,765.5555556,918.6666667200001
FR_VNU,A,Park.lawns,Erodium.cicutarium,single.flower,54,FR,5512,765.5555556,4134.00000024
FR_VNU,A,Park.lawns,Geranium.molle,single.flower,22.416666666666668,FR,5512,765.5555556,1716.1203704700001
FR_VNU,A,Park.lawns,Hieracium.sp,capitulum,4,FR,5512,765.5555556,306.22222224
FR_VNU,A,Park.lawns,Medicago.arabica,flower.head,90,FR,5512,765.5555556,6890.0000004
FR_VNU,A,Park.lawns,Muscari.neglectum,flower.head,3,FR,5512,765.5555556,229.66666668000002
FR_VNU,A,Park.lawns,Myosotis.sp,cyme,150,FR,5512,765.5555556,11483.333334
FR_VNU,A,Park.lawns,Ribes.nigrum.andega,raceme,150,FR,5512,765.5555556,11483.333334
FR_VNU,A,Park.lawns,Ribes.nigrum.blackdown,raceme,250,FR,5512,765.5555556,19138.888890000002
FR_VNU,A,Park.lawns,Sherardia.arvensis,flower.head,49.333333333333336,FR,5512,765.5555556,3776.7407409600005
FR_VNU,A,Park.lawns,Taraxacum.officinale,capitulum,7.666666666666667,FR,5512,765.5555556,586.9259259600001
FR_VNU,A,Park.lawns,Valerianella.sp,umbel,13,FR,5512,765.5555556,995.2222222800001
FR_VNU,A,Park.lawns,Veronica.arvensis,single.flower,144.25,FR,5512,765.5555556,11043.13888953
FR_VNU,A,Park.lawns,Veronica.chamaedrys,single.flower,77,FR,5512,765.5555556,5894.77777812
FR_VNU,A,Park.lawns,Veronica.persica,single.flower,1.75,FR,5512,765.5555556,133.97222223
FR_VNU,A,Park.lawns,Viola.sp,single.flower,1,FR,5512,765.5555556,76.55555556
FR_VNU,A,Small.scale.ornamental.and.domestic.garden.areas,Crepis.sp,capitulum,2,FR,890,123.6111111,24.72222222
FR_VNU,A,Small.scale.ornamental.and.domestic.garden.areas,Cydonia.sp,single.flower,250,FR,890,123.6111111,3090.2777775000004
FR_VNU,A,Small.scale.ornamental.and.domestic.garden.areas,Lamium.purpureum,whorl,15.5,FR,890,123.6111111,191.597222205
FR_VNU,A,Small.scale.ornamental.and.domestic.garden.areas,Senecio.vulgaris,capitulum,8,FR,890,123.6111111,98.88888888
FR_VNU,A,Small.scale.ornamental.and.domestic.garden.areas,Veronica.arvensis,single.flower,35.5,FR,890,123.6111111,438.819444405
FR_VNU,A,Small.scale.ornamental.and.domestic.garden.areas,Veronica.persica,single.flower,1,FR,890,123.6111111,12.36111111
FR_VNU,A,Small.scale.ornamental.and.domestic.garden.areas,Vinca.major,single.flower,4,FR,890,123.6111111,49.44444444
FR_VNU,B,Bare.tilled.fallow.or.recently.abandoned.arable.land,Geranium.dissectum,single.flower,4,FR,1200,166.6666667,66.66666668
FR_VNU,B,Bare.tilled.fallow.or.recently.abandoned.arable.land,Onobrychis.viciifolia,flower.head,6,FR,1200,166.6666667,100.00000002
FR_VNU,B,Bare.tilled.fallow.or.recently.abandoned.arable.land,Silene.latifolia,single.flower,24,FR,1200,166.6666667,400.00000008
FR_VNU,B,Highly.artificial.broadleaved.deciduous.forestry.plantations,Bellis.perennis,capitulum,18,FR,705,97.91666667,176.250000006
FR_VNU,B,Highly.artificial.broadleaved.deciduous.forestry.plantations,Geranium.dissectum,single.flower,1,FR,705,97.91666667,9.791666667
FR_VNU,B,Highly.artificial.broadleaved.deciduous.forestry.plantations,Geranium.rotundifolium,single.flower,3,FR,705,97.91666667,29.375000001
FR_VNU,B,Highly.artificial.broadleaved.deciduous.forestry.plantations,Hypochaeris.sp,capitulum,12,FR,705,97.91666667,117.500000004
FR_VNU,B,Highly.artificial.broadleaved.deciduous.forestry.plantations,Medicago.lupulina,flower.head,3,FR,705,97.91666667,29.375000001
FR_VNU,B,Highly.artificial.broadleaved.deciduous.forestry.plantations,Sherardia.arvensis,flower.head,6,FR,705,97.91666667,58.750000002
FR_VNU,B,Highly.artificial.broadleaved.deciduous.forestry.plantations,Trifolium.repens,flower.head,19,FR,705,97.91666667,186.04166667299998
FR_VNU,B,Highly.artificial.broadleaved.deciduous.forestry.plantations,Vicia.sativa,single.flower,44,FR,705,97.91666667,430.833333348
FR_VNU,B,Park.lawns,Arenaria.serpyllifolia,flower.head,10,FR,4102,569.7222222,569.7222222
FR_VNU,B,Park.lawns,Bellis.perennis,capitulum,54.125,FR,4102,569.7222222,3083.6215276575003
FR_VNU,B,Park.lawns,Cerastium.sp,single.flower,19.333333333333332,FR,4102,569.7222222,1101.46296292
FR_VNU,B,Park.lawns,Erodium.cicutarium,single.flower,24,FR,4102,569.7222222,1367.33333328
FR_VNU,B,Park.lawns,Eschscholzia.californica,single.flower,17,FR,4102,569.7222222,968.52777774
FR_VNU,B,Park.lawns,Geranium.columbinum,single.flower,3.5,FR,4102,569.7222222,199.40277777
FR_VNU,B,Park.lawns,Geranium.dissectum,single.flower,7.666666666666667,FR,4102,569.7222222,436.78703702
FR_VNU,B,Park.lawns,Geranium.molle,single.flower,150,FR,4102,569.7222222,8545.833333
FR_VNU,B,Park.lawns,Geranium.rotundifolium,single.flower,4,FR,4102,569.7222222,227.88888888000002
FR_VNU,B,Park.lawns,Hieracium.sp,capitulum,6,FR,4102,569.7222222,341.83333332
FR_VNU,B,Park.lawns,Hypochaeris.sp,capitulum,3,FR,4102,569.7222222,170.91666666
FR_VNU,B,Park.lawns,Onobrychis.viciifolia,flower.head,6,FR,4102,569.7222222,341.83333332
FR_VNU,B,Park.lawns,Plantago.lanceolata,flower.head,19,FR,4102,569.7222222,1082.47222218
FR_VNU,B,Park.lawns,Sherardia.arvensis,flower.head,33.25,FR,4102,569.7222222,1894.3263888150002
FR_VNU,B,Park.lawns,Taraxacum.officinale,capitulum,1,FR,4102,569.7222222,56.972222220000006
FR_VNU,B,Park.lawns,Trifolium.campestre,flower.head,34.6,FR,4102,569.7222222,1971.2388888120004
FR_VNU,B,Park.lawns,Trifolium.dubium,flower.head,476.75,FR,4102,569.7222222,27161.506943385
FR_VNU,B,Park.lawns,Trifolium.repens,flower.head,1,FR,4102,569.7222222,56.972222220000006
FR_VNU,B,Park.lawns,Veronica.arvensis,single.flower,3,FR,4102,569.7222222,170.91666666
FR_VNU,B,Park.lawns,Veronica.persica,single.flower,4,FR,4102,569.7222222,227.88888888000002
FR_VNU,B,Small.scale.ornamental.and.domestic.garden.areas,Cerastium.tomentosum,single.flower,550,FR,638,88.61111111,4873.61111105
FR_VNU,B,Small.scale.ornamental.and.domestic.garden.areas,Photinia.serrulata,umbel,150,FR,638,88.61111111,1329.16666665
FR_VNU,B,Vineyards,Crepis.sancta,capitulum,1,FR,555,77.08333333,7.708333333000001
FR_VNU,B,Vineyards,Erodium.cicutarium,single.flower,21,FR,555,77.08333333,161.87499999300002
FR_VNU,B,Vineyards,Geranium.columbinum,single.flower,1,FR,555,77.08333333,7.708333333000001
FR_VNU,B,Vineyards,Sonchus.asper,capitulum,1,FR,555,77.08333333,7.708333333000001
FR_VNU,B,Vineyards,Veronica.persica,single.flower,2,FR,555,77.08333333,15.416666666000001
FR_VNU,C,Bare.tilled.fallow.or.recently.abandoned.arable.land,Linaria.vulgaris,single.flower,7,FR,1982,275.1631265,192.61418854999997
FR_VNU,C,Bare.tilled.fallow.or.recently.abandoned.arable.land,Medicago.sativa,flower.head,39,FR,1982,275.1631265,1073.1361933499998
FR_VNU,C,Bare.tilled.fallow.or.recently.abandoned.arable.land,Silene.latifolia,single.flower,7,FR,1982,275.1631265,192.61418854999997
FR_VNU,C,Bare.tilled.fallow.or.recently.abandoned.arable.land,Trifolium.pratense,flower.head,13,FR,1982,275.1631265,357.71206444999996
FR_VNU,C,Highly.artificial.broadleaved.deciduous.forestry.plantations,Cerastium.sp,single.flower,2,FR,598,83.02096349,16.604192698
FR_VNU,C,Highly.artificial.broadleaved.deciduous.forestry.plantations,Convolvulus.arvensis,single.flower,1,FR,598,83.02096349,8.302096349
FR_VNU,C,Highly.artificial.broadleaved.deciduous.forestry.plantations,Crepis.sp,capitulum,3.5,FR,598,83.02096349,29.0573372215
FR_VNU,C,Highly.artificial.broadleaved.deciduous.forestry.plantations,Medicago.lupulina,flower.head,31.75,FR,598,83.02096349,263.59155908075
FR_VNU,C,Highly.artificial.broadleaved.deciduous.forestry.plantations,Plantago.lanceolata,flower.head,3,FR,598,83.02096349,24.906289047
FR_VNU,C,Highly.artificial.broadleaved.deciduous.forestry.plantations,Prunella.vulgaris,flower.head,6,FR,598,83.02096349,49.812578094
FR_VNU,C,Highly.artificial.broadleaved.deciduous.forestry.plantations,Trifolium.repens,flower.head,13,FR,598,83.02096349,107.927252537
FR_VNU,C,Highly.artificial.broadleaved.deciduous.forestry.plantations,Veronica.persica,single.flower,1,FR,598,83.02096349,8.302096349
FR_VNU,C,Park.lawns,Arenaria.leptoclados,flower.head,20,FR,3653,507.1497987,1014.2995974000002
FR_VNU,C,Park.lawns,Bellis.perennis,capitulum,3,FR,3653,507.1497987,152.14493961
FR_VNU,C,Park.lawns,Cerastium.pumilum,single.flower,3,FR,3653,507.1497987,152.14493961
FR_VNU,C,Park.lawns,Cerastium.semidecandrum,single.flower,4,FR,3653,507.1497987,202.85991948
FR_VNU,C,Park.lawns,Cerastium.sp,single.flower,4.5,FR,3653,507.1497987,228.21740941500002
FR_VNU,C,Park.lawns,Convolvulus.arvensis,single.flower,3,FR,3653,507.1497987,152.14493961
FR_VNU,C,Park.lawns,Crepis.sp,capitulum,3.5,FR,3653,507.1497987,177.50242954499998
FR_VNU,C,Park.lawns,Eschscholzia.californica,single.flower,20,FR,3653,507.1497987,1014.2995974000002
FR_VNU,C,Park.lawns,Geranium.dissectum,single.flower,14.5,FR,3653,507.1497987,735.367208115
FR_VNU,C,Park.lawns,Geranium.molle,single.flower,7.5,FR,3653,507.1497987,380.362349025
FR_VNU,C,Park.lawns,Lysimachia.arvensis,single.flower,23,FR,3653,507.1497987,1166.44453701
FR_VNU,C,Park.lawns,Medicago.lupulina,flower.head,7.166666666666667,FR,3653,507.1497987,363.457355735
FR_VNU,C,Park.lawns,Plantago.lanceolata,flower.head,20.375,FR,3653,507.1497987,1033.31771485125
FR_VNU,C,Park.lawns,Prunella.vulgaris,flower.head,25.833333333333332,FR,3653,507.1497987,1310.136979975
FR_VNU,C,Park.lawns,Sherardia.arvensis,flower.head,75.5,FR,3653,507.1497987,3828.980980185
FR_VNU,C,Park.lawns,Torilis.nodosa,umbel,1,FR,3653,507.1497987,50.71497987
FR_VNU,C,Park.lawns,Trifolium.aureum,flower.head,94,FR,3653,507.1497987,4767.20810778
FR_VNU,C,Park.lawns,Trifolium.campestre,flower.head,3,FR,3653,507.1497987,152.14493961
FR_VNU,C,Park.lawns,Trifolium.repens,flower.head,28.5,FR,3653,507.1497987,1445.376926295
FR_VNU,C,Small.scale.ornamental.and.domestic.garden.areas,Geum.urbanum,single.flower,3,FR,538,74.69110093,22.407330279
FR_VNU,C,Small.scale.ornamental.and.domestic.garden.areas,Lysimachia.arvensis,single.flower,52,FR,538,74.69110093,388.393724836
FR_VNU,C,Small.scale.ornamental.and.domestic.garden.areas,Medicago.lupulina,flower.head,21,FR,538,74.69110093,156.851311953
FR_VNU,C,Small.scale.ornamental.and.domestic.garden.areas,Papaver.rhoeas,single.flower,11,FR,538,74.69110093,82.16021102300002
FR_VNU,C,Small.scale.ornamental.and.domestic.garden.areas,Rosa.sp,single.flower,7.5,FR,538,74.69110093,56.0183256975
FR_VNU,C,Small.scale.ornamental.and.domestic.garden.areas,Torilis.arvensis,umbel,9,FR,538,74.69110093,67.22199083699999
FR_VNU,C,Vineyards,Convolvulus.arvensis,single.flower,5,FR,432,59.97501041,29.987505205
FR_VNU,C,Vineyards,Medicago.lupulina,flower.head,50.5,FR,432,59.97501041,302.8738025705
FR_VNU,C,Vineyards,Trifolium.repens,flower.head,2,FR,432,59.97501041,11.995002082000001
FR_VQU,A,Park.lawns,Bellis.perennis,capitulum,208,FR,4810,668.0555556,13895.555556480002
FR_VQU,A,Park.lawns,Draba.verna,flower.head,2,FR,4810,668.0555556,133.61111112
FR_VQU,A,Park.lawns,Erodium.cicutarium,single.flower,13,FR,4810,668.0555556,868.4722222800001
FR_VQU,A,Park.lawns,Glechoma.hederacea,single.flower,150,FR,4810,668.0555556,10020.833334
FR_VQU,A,Park.lawns,Medicago.arabica,flower.head,7,FR,4810,668.0555556,467.63888892000006
FR_VQU,A,Park.lawns,Photinia.serrulata,umbel,92,FR,4810,668.0555556,6146.11111152
FR_VQU,A,Park.lawns,Plantago.major,flower.head,1,FR,4810,668.0555556,66.80555556
FR_VQU,A,Park.lawns,Stellaria.media,single.flower,5,FR,4810,668.0555556,334.0277778
FR_VQU,A,Park.lawns,Taraxacum.officinale,capitulum,22,FR,4810,668.0555556,1469.7222223200001
FR_VQU,A,Park.lawns,Veronica.arvensis,single.flower,24.5,FR,4810,668.0555556,1636.73611122
FR_VQU,A,Park.lawns,Veronica.persica,single.flower,3.5,FR,4810,668.0555556,233.81944446000003
FR_VQU,A,Pavements.and.recreation.areas,Bellis.perennis,capitulum,16,FR,480,66.66666667,106.66666667199999
FR_VQU,A,Pavements.and.recreation.areas,Cerastium.sp,single.flower,1,FR,480,66.66666667,6.666666666999999
FR_VQU,A,Pavements.and.recreation.areas,Erodium.cicutarium,single.flower,1,FR,480,66.66666667,6.666666666999999
FR_VQU,A,Pavements.and.recreation.areas,Taraxacum.officinale,capitulum,9,FR,480,66.66666667,60.000000003000004
FR_VQU,A,Small.scale.ornamental.and.domestic.garden.areas,Acer.sp,flower.head,1,FR,1910,265.2777778,26.52777778
FR_VQU,A,Small.scale.ornamental.and.domestic.garden.areas,Bellis.perennis,capitulum,45,FR,1910,265.2777778,1193.7500001
FR_VQU,A,Small.scale.ornamental.and.domestic.garden.areas,Cardamine.hirsuta,single.flower,15,FR,1910,265.2777778,397.91666670000006
FR_VQU,A,Small.scale.ornamental.and.domestic.garden.areas,Cydonia.oblonga,single.flower,150,FR,1910,265.2777778,3979.1666670000004
FR_VQU,A,Small.scale.ornamental.and.domestic.garden.areas,Glechoma.hederacea,single.flower,70,FR,1910,265.2777778,1856.9444446000002
FR_VQU,A,Small.scale.ornamental.and.domestic.garden.areas,Muscari.neglectum,flower.head,3.5,FR,1910,265.2777778,92.84722223000001
FR_VQU,A,Small.scale.ornamental.and.domestic.garden.areas,Primula.vulgaris,single.flower,12,FR,1910,265.2777778,318.33333336000004
FR_VQU,A,Small.scale.ornamental.and.domestic.garden.areas,Prunus.cerasus,single.flower,1500,FR,1910,265.2777778,39791.666670000006
FR_VQU,A,Small.scale.ornamental.and.domestic.garden.areas,Senecio.vulgaris,capitulum,1,FR,1910,265.2777778,26.52777778
FR_VQU,A,Small.scale.ornamental.and.domestic.garden.areas,Stellaria.media,single.flower,52,FR,1910,265.2777778,1379.4444445600002
FR_VQU,A,Small.scale.ornamental.and.domestic.garden.areas,Syringia.vulgaris,flower.head,150,FR,1910,265.2777778,3979.1666670000004
FR_VQU,A,Small.scale.ornamental.and.domestic.garden.areas,Taraxacum.officinale,capitulum,2,FR,1910,265.2777778,53.05555556
FR_VQU,A,Small.scale.ornamental.and.domestic.garden.areas,Veronica.arvensis,single.flower,21.5,FR,1910,265.2777778,570.34722227
FR_VQU,A,Small.scale.ornamental.and.domestic.garden.areas,Veronica.persica,single.flower,11.5,FR,1910,265.2777778,305.06944447
FR_VQU,A,Small.scale.ornamental.and.domestic.garden.areas,Vinca.minor,single.flower,10,FR,1910,265.2777778,265.2777778
FR_VQU,B,Park.lawns,Bellis.perennis,capitulum,60,FR,4800,667.5938805,4005.5632829999995
FR_VQU,B,Park.lawns,Capsella.bursa-pastoris,single.flower,1,FR,4800,667.5938805,66.75938805
FR_VQU,B,Park.lawns,Geranium.dissectum,single.flower,14,FR,4800,667.5938805,934.6314327
FR_VQU,B,Park.lawns,Photinia.serrulata,umbel,150,FR,4800,667.5938805,10013.9082075
FR_VQU,B,Park.lawns,Ranunculus.acris,single.flower,3,FR,4800,667.5938805,200.27816414999998
FR_VQU,B,Park.lawns,Sherardia.arvensis,flower.head,42,FR,4800,667.5938805,2803.8942980999996
FR_VQU,B,Park.lawns,Taraxacum.officinale,capitulum,1.5,FR,4800,667.5938805,100.13908207499999
FR_VQU,B,Park.lawns,Veronica.arvensis,single.flower,3,FR,4800,667.5938805,200.27816414999998
FR_VQU,B,Park.lawns,Veronica.persica,single.flower,1,FR,4800,667.5938805,66.75938805
FR_VQU,B,Pavements.and.recreation.areas,Eschscholzia.californica,single.flower,20,FR,480,66.75938804,133.51877608
FR_VQU,B,Pavements.and.recreation.areas,Medicago.lupulina,flower.head,56,FR,480,66.75938804,373.85257302400004
FR_VQU,B,Pavements.and.recreation.areas,Sedum.acre,umbel,2,FR,480,66.75938804,13.351877608
FR_VQU,B,Pavements.and.recreation.areas,Tilia.sp,highbush,150,FR,480,66.75938804,1001.3908206
FR_VQU,B,Small.scale.ornamental.and.domestic.garden.areas,Aubrieta.sp,single.flower,150,FR,1910,265.6467316,3984.7009740000003
FR_VQU,B,Small.scale.ornamental.and.domestic.garden.areas,Bellis.perennis,capitulum,5.333333333333333,FR,1910,265.6467316,141.67825685333332
FR_VQU,B,Small.scale.ornamental.and.domestic.garden.areas,Choisya.ternata,single.flower,250,FR,1910,265.6467316,6641.16829
FR_VQU,B,Small.scale.ornamental.and.domestic.garden.areas,Glechoma.hederacea,single.flower,1,FR,1910,265.6467316,26.56467316
FR_VQU,B,Small.scale.ornamental.and.domestic.garden.areas,Hieracium.sp,capitulum,57,FR,1910,265.6467316,1514.18637012
FR_VQU,B,Small.scale.ornamental.and.domestic.garden.areas,Iris.germanica,single.flower,15,FR,1910,265.6467316,398.47009740000004
FR_VQU,B,Small.scale.ornamental.and.domestic.garden.areas,Lamium.purpureum,single.flower,10,FR,1910,265.6467316,265.6467316
FR_VQU,B,Small.scale.ornamental.and.domestic.garden.areas,Ranunculus.sp,single.flower,72,FR,1910,265.6467316,1912.65646752
FR_VQU,B,Small.scale.ornamental.and.domestic.garden.areas,Rosmarinus.officinalis,single.flower,250,FR,1910,265.6467316,6641.16829
FR_VQU,B,Small.scale.ornamental.and.domestic.garden.areas,Salvia.sp,single.flower,5,FR,1910,265.6467316,132.8233658
FR_VQU,B,Small.scale.ornamental.and.domestic.garden.areas,Stellaria.media,single.flower,4,FR,1910,265.6467316,106.25869264
FR_VQU,B,Small.scale.ornamental.and.domestic.garden.areas,Syringia.vulgaris,flower.head,150,FR,1910,265.6467316,3984.7009740000003
FR_VQU,B,Small.scale.ornamental.and.domestic.garden.areas,Veronica.arvensis,single.flower,1,FR,1910,265.6467316,26.56467316
FR_VQU,B,Small.scale.ornamental.and.domestic.garden.areas,Veronica.chamaedrys,single.flower,29,FR,1910,265.6467316,770.37552164
FR_VQU,B,Small.scale.ornamental.and.domestic.garden.areas,Veronica.persica,single.flower,3,FR,1910,265.6467316,79.69401948
FR_VQU,C,Park.lawns,Bellis.perennis,capitulum,7,FR,4739,662.8899146,464.02294021999995
FR_VQU,C,Park.lawns,Cerastium.semidecandrum,single.flower,3.6666666666666665,FR,4739,662.8899146,243.0596353533333
FR_VQU,C,Park.lawns,Crepis.sp,capitulum,12.333333333333332,FR,4739,662.8899146,817.5642280066666
FR_VQU,C,Park.lawns,Erodium.cicutarium,single.flower,11,FR,4739,662.8899146,729.17890606
FR_VQU,C,Park.lawns,Geranium.dissectum,single.flower,7.5,FR,4739,662.8899146,497.16743594999997
FR_VQU,C,Park.lawns,Geranium.molle,single.flower,2,FR,4739,662.8899146,132.57798292
FR_VQU,C,Park.lawns,Geranium.pusillum,single.flower,2,FR,4739,662.8899146,132.57798292
FR_VQU,C,Park.lawns,Medicago.lupulina,flower.head,72,FR,4739,662.8899146,4772.807385120001
FR_VQU,C,Park.lawns,Plantago.lanceolata,flower.head,14.5,FR,4739,662.8899146,961.1903761699999
FR_VQU,C,Park.lawns,Prunella.vulgaris,flower.head,19.166666666666668,FR,4739,662.8899146,1270.5390029833334
FR_VQU,C,Park.lawns,Rosa.sp,single.flower,9,FR,4739,662.8899146,596.6009231400001
FR_VQU,C,Park.lawns,Scorzoneroides.autumnalis,capitulum,3,FR,4739,662.8899146,198.86697438000002
FR_VQU,C,Park.lawns,Sherardia.arvensis,flower.head,12.5,FR,4739,662.8899146,828.6123932500001
FR_VQU,C,Park.lawns,Spiraea.sp,flower.head,150,FR,4739,662.8899146,9943.348719
FR_VQU,C,Park.lawns,Trifolium.fragiferum,flower.head,14,FR,4739,662.8899146,928.0458804399999
FR_VQU,C,Park.lawns,Trifolium.repens,flower.head,44.888888888888886,FR,4739,662.8899146,2975.639172204444
FR_VQU,C,Pavements.and.recreation.areas,Crepis.sp,capitulum,3,FR,490,68.54105469,20.562316406999997
FR_VQU,C,Pavements.and.recreation.areas,Medicago.lupulina,flower.head,26,FR,490,68.54105469,178.206742194
FR_VQU,C,Pavements.and.recreation.areas,Petrorhagia.saxifraga,single.flower,40,FR,490,68.54105469,274.16421876
FR_VQU,C,Pavements.and.recreation.areas,Picris.hieracioides,capitulum,4.5,FR,490,68.54105469,30.8434746105
FR_VQU,C,Pavements.and.recreation.areas,Sedum.album,umbel,40,FR,490,68.54105469,274.16421876
FR_VQU,C,Pavements.and.recreation.areas,Trifolium.repens,flower.head,31,FR,490,68.54105469,212.47726953900002
FR_VQU,C,Small.scale.ornamental.and.domestic.garden.areas,Bellis.perennis,capitulum,3,FR,1920,268.5690306,80.57070918000001
FR_VQU,C,Small.scale.ornamental.and.domestic.garden.areas,Cosmos.sp,capitulum,1,FR,1920,268.5690306,26.85690306
FR_VQU,C,Small.scale.ornamental.and.domestic.garden.areas,Crepis.sp,capitulum,4,FR,1920,268.5690306,107.42761224
FR_VQU,C,Small.scale.ornamental.and.domestic.garden.areas,Cymbalaria.muralis,single.flower,4,FR,1920,268.5690306,107.42761224
FR_VQU,C,Small.scale.ornamental.and.domestic.garden.areas,Dianthus.sp,single.flower,17,FR,1920,268.5690306,456.56735202
FR_VQU,C,Small.scale.ornamental.and.domestic.garden.areas,Erigeron.annuus,capitulum,150,FR,1920,268.5690306,4028.535459
FR_VQU,C,Small.scale.ornamental.and.domestic.garden.areas,Geranium.dissectum,single.flower,2,FR,1920,268.5690306,53.71380612
FR_VQU,C,Small.scale.ornamental.and.domestic.garden.areas,Helianthus.annuus,capitulum,1,FR,1920,268.5690306,26.85690306
FR_VQU,C,Small.scale.ornamental.and.domestic.garden.areas,Hibiscus.sp,single.flower,7,FR,1920,268.5690306,187.99832142
FR_VQU,C,Small.scale.ornamental.and.domestic.garden.areas,Lapsana.communis,capitulum,15,FR,1920,268.5690306,402.85354590000003
FR_VQU,C,Small.scale.ornamental.and.domestic.garden.areas,Lavandula.sp,flower.head,200,FR,1920,268.5690306,5371.380612
FR_VQU,C,Small.scale.ornamental.and.domestic.garden.areas,Lysimachia.arvensis,single.flower,21,FR,1920,268.5690306,563.9949642600001
FR_VQU,C,Small.scale.ornamental.and.domestic.garden.areas,Nerium.oleander,single.flower,12,FR,1920,268.5690306,322.28283672000003
FR_VQU,C,Small.scale.ornamental.and.domestic.garden.areas,Origanum.vulgare,flower.head,10,FR,1920,268.5690306,268.5690306
FR_VQU,C,Small.scale.ornamental.and.domestic.garden.areas,Plantago.lanceolata,flower.head,2,FR,1920,268.5690306,53.71380612
FR_VQU,C,Small.scale.ornamental.and.domestic.garden.areas,Prunella.vulgaris,flower.head,24,FR,1920,268.5690306,644.5656734400001
FR_VQU,C,Small.scale.ornamental.and.domestic.garden.areas,Rosa.sp,single.flower,11,FR,1920,268.5690306,295.42593366
FR_VQU,C,Small.scale.ornamental.and.domestic.garden.areas,Senecio.vulgaris,capitulum,21,FR,1920,268.5690306,563.9949642600001
FR_VQU,C,Small.scale.ornamental.and.domestic.garden.areas,Trifolium.repens,flower.head,2,FR,1920,268.5690306,53.71380612
