SampleID,Family,Species,Unit,Flowers_per_unit,Diameter,LN,DN1,DN2,Comments
1,Rosaceae,Dryas octopetala,S,1,26.7,0,,,
2,Rosaceae,Dryas octopetala,S,1,32.8,0,,,
3,Rosaceae,Dryas octopetala,S,1,25.7,0,,,
4,Rosaceae,Dryas octopetala,S,1,21.2,0,,,
5,Rosaceae,Dryas octopetala,S,1,25.2,0,,,
6,Rosaceae,Dryas octopetala,S,1,20.5,0,,,
7,Ranunculaceae,Ranunculus montanus,S,1,17.8,0,,,
8,Ranunculaceae,Ranunculus montanus,S,1,16.9,0,,,
9,Ranunculaceae,Ranunculus montanus,S,1,14.9,0,,,
10,Ranunculaceae,Ranunculus montanus,S,1,20.9,0,,,
11,Ranunculaceae,Ranunculus montanus,S,1,12.6,0,,,
12,Ranunculaceae,Ranunculus montanus,S,1,15.4,0,,,
13,Brassicaceae,Cardamine pratensis,S,1,13,4.5,,3.7,
14,Brassicaceae,Cardamine pratensis,S,1,10.6,3.8,,2.6,
15,Brassicaceae,Cardamine pratensis,S,1,10.3,4.2,,3.7,
16,Brassicaceae,Cardamine pratensis,S,1,10.6,4.1,,3.2,
17,Brassicaceae,Cardamine pratensis,S,1,10,4.1,,2.5,
18,Brassicaceae,Cardamine pratensis,S,1,9.9,3.9,,3,
19,Polygalaceae,Polygala chamaebuxus,S,1,11.6,9.2,3.6,3.4,
20,Polygalaceae,Polygala chamaebuxus,S,1,10.8,7.8,3.4,3,
21,Polygalaceae,Polygala chamaebuxus,S,1,9.7,9.2,3.2,3.9,
22,Polygalaceae,Polygala chamaebuxus,S,1,9.1,9.1,4.5,3.5,
23,Polygalaceae,Polygala chamaebuxus,S,1,9.55,7.7,3.9,3.6,
24,Polygalaceae,Polygala chamaebuxus,S,1,9.45,7,4.4,3.2,
25,Polygalaceae,Polygala chamaebuxus,S,1,9.05,8.1,3.7,3.7,
30,Euphorbiaceae,Euphorbia cyparissias,C,1,22,0,,,
31,Euphorbiaceae,Euphorbia cyparissias,C,1,18.3,0,,,
32,Euphorbiaceae,Euphorbia cyparissias,C,1,19.8,0,,,
33,Euphorbiaceae,Euphorbia cyparissias,C,1,31.1,0,,,
34,Euphorbiaceae,Euphorbia cyparissias,C,1,22.3,0,,,
35,Euphorbiaceae,Euphorbia cyparissias,C,1,17.5,0,,,
36,Euphorbiaceae,Euphorbia cyparissias,C,1,19.7,0,,,
37,Euphorbiaceae,Euphorbia cyparissias,C,1,17,0,,,
44,Polygalaceae,Polygala amarella,C,1,10.2,2.4,,2.2,
45,Polygalaceae,Polygala amarella,C,1,10,3,,1.6,
46,Polygalaceae,Polygala amarella,C,1,8.6,1.7,,1.9,
47,Polygalaceae,Polygala amarella,C,1,9.1,1.9,,2.5,
48,Polygalaceae,Polygala amarella,C,1,6.8,3,,2.8,
49,Polygalaceae,Polygala amarella,C,1,6.7,2.6,,2.9,
69,Valerianaceae,Valeriana tripteris,C,1,21.2,1.5,,0.5,
70,Valerianaceae,Valeriana tripteris,C,1,28.6,1.9,,0.5,
71,Valerianaceae,Valeriana tripteris,C,1,17.7,1,,0.3,
72,Valerianaceae,Valeriana tripteris,C,1,20.1,2.2,,0.5,
73,Valerianaceae,Valeriana tripteris,C,1,14.9,1,,0.4,
74,Valerianaceae,Valeriana tripteris,C,1,29.2,1.9,,0.5,
75,Valerianaceae,Valeriana tripteris,C,1,19.6,1,,0.3,
76,Primulaceae,Soldanella alpina,S,1,17,11,17,2.4,
77,Primulaceae,Soldanella alpina,S,1,16.7,10.4,16.7,2.9,
78,Primulaceae,Soldanella alpina,S,1,17.7,7.9,17.7,1.9,
79,Primulaceae,Soldanella alpina,S,1,14.6,8.6,14.6,1.7,
80,Primulaceae,Soldanella alpina,S,1,16.8,7.8,16.8,2.3,
81,Primulaceae,Soldanella alpina,S,1,10.1,9.9,10.1,1.7,
82,Primulaceae,Soldanella alpina,S,1,12,8.4,12,1.3,
83,Ranunculaceae,Ranunculus alpestris,S,1,15.5,0,,,
84,Ranunculaceae,Ranunculus alpestris,S,1,13.5,0,,,
85,Ranunculaceae,Ranunculus alpestris,S,1,15.6,0,,,
86,Ranunculaceae,Ranunculus alpestris,S,1,11,0,,,
87,Ranunculaceae,Ranunculus alpestris,S,1,15.3,0,,,
88,Ranunculaceae,Ranunculus alpestris,S,1,26.7,0,,,
89,Ranunculaceae,Ranunculus alpestris,S,1,11.4,0,,,
90,Gentianaceae,Gentiana verna,S,1,24.14,24.4,1.2,1.2,
91,Gentianaceae,Gentiana verna,S,1,,26.3,2.5,1.9,
92,Gentianaceae,Gentiana verna,S,1,26,19.1,3.3,1.7,
93,Gentianaceae,Gentiana verna,S,1,23.3,20.6,2.1,1.9,
94,Gentianaceae,Gentiana verna,S,1,25.1,21.3,3.1,1.6,
95,Gentianaceae,Gentiana verna,S,1,27,22.4,2.5,1.9,
96,Valerianaceae,Valeriana montana,C,1,28.5,1.5,2.2,0.5,
97,Valerianaceae,Valeriana montana,C,1,35.4,2,1.5,0.6,
98,Valerianaceae,Valeriana montana,C,1,21.1,2.5,2.4,1.2,
99,Valerianaceae,Valeriana montana,C,1,23.7,1.7,1.8,0.8,
100,Valerianaceae,Valeriana montana,C,1,27.4,1.5,1.5,0.7,
101,Valerianaceae,Valeriana montana,C,1,22.3,1.5,1,0.5,
102,Valerianaceae,Valeriana montana,C,1,23.8,1.9,1.3,0.6,
103,Valerianaceae,Valeriana montana,C,1,17.8,1.3,0.9,0.7,
104,Lamiaceae,Ajuga reptans,FU,18,7.2,8.2,2.5,1.8,
105,Lamiaceae,Ajuga reptans,FU,20,8.7,6.8,2.1,1.8,
106,Lamiaceae,Ajuga reptans,FU,18,8.1,7.7,2.2,2.5,
107,Lamiaceae,Ajuga reptans,FU,16,7.1,7.7,1.9,1.7,
108,Lamiaceae,Ajuga reptans,FU,12,7.1,6.8,2.1,1.8,
109,Lamiaceae,Ajuga reptans,FU,8,9,8.6,1.9,1.6,
110,Lamiaceae,Ajuga reptans,FU,13,7.4,7.8,2.1,1.9,
111,Lamiaceae,Ajuga reptans,FU,8,8.7,8.5,2.2,1.8,
112,Lamiaceae,Ajuga reptans,FU,18,7.3,7.7,2.6,1.6,
113,Rosaceae,Potentilla erecta,S,1,12.1,0,,,
114,Rosaceae,Potentilla erecta,S,1,9.8,0,,,
115,Rosaceae,Potentilla erecta,S,1,13,0,,,
116,Rosaceae,Potentilla erecta,S,1,12.8,0,,,
117,Rosaceae,Potentilla erecta,S,1,12.2,0,,,
118,Rosaceae,Potentilla erecta,S,1,11.3,0,,,
119,Rosaceae,Potentilla erecta,S,1,10.2,0,,,
120,Rosaceae,Potentilla erecta,S,1,12.3,0,,,
121,Rosaceae,Potentilla erecta,S,1,12.7,0,,,
122,Rosaceae,Potentilla erecta,S,1,12.6,0,,,
123,Violaceae,Viola biflora,S,1,10.8,2.2,1.1,1.5,
124,Violaceae,Viola biflora,S,1,14.1,2.4,1.5,2,
125,Violaceae,Viola biflora,S,1,10.5,2.3,1.3,1.7,
126,Violaceae,Viola biflora,S,1,9.2,1.9,1.4,2.3,
127,Violaceae,Viola biflora,S,1,12.8,2.1,1.8,1.8,
128,Violaceae,Viola biflora,S,1,10.3,2.3,1.8,1.9,
129,Violaceae,Viola biflora,S,1,10.1,2.6,2,1.4,
130,Violaceae,Viola biflora,S,1,8.2,2.6,1.9,2,
131,Violaceae,Viola biflora,S,1,11.7,2.3,2,1.8,
132,Primulaceae,Androsace chamaejasme,FU,2,8.8,1.8,0.5,0.9,
133,Primulaceae,Androsace chamaejasme,FU,4,9.1,1.4,0.6,1.2,
134,Primulaceae,Androsace chamaejasme,FU,2,8.6,1.5,0.5,1.4,
135,Primulaceae,Androsace chamaejasme,FU,2,6,1.5,0.5,0.9,
136,Primulaceae,Androsace chamaejasme,FU,2,7.9,1.5,0.4,0.9,
137,Primulaceae,Androsace chamaejasme,FU,3,8.9,1.5,0.4,0.9,
138,Primulaceae,Androsace chamaejasme,FU,3,6,1.2,0.4,0.8,
139,Primulaceae,Androsace chamaejasme,FU,3,5.7,1.3,0.4,0.9,
140,Primulaceae,Androsace chamaejasme,FU,3,8.5,1.8,0.5,1.2,
141,Asteraceae,Hieracium bifidum,C,1,31,5.1,0.6,0.4,
142,Asteraceae,Hieracium bifidum,C,1,24.5,6.5,1,0.6,
143,Asteraceae,Hieracium bifidum,C,1,28.8,5,0.8,0.6,
144,Asteraceae,Hieracium bifidum,C,1,27.1,5.5,0.9,0.7,
145,Asteraceae,Hieracium bifidum,C,1,29.3,5.8,0.8,0.5,
146,Asteraceae,Hieracium bifidum,C,1,21.5,5.7,0.9,0.6,
147,Asteraceae,Hieracium bifidum,C,1,16.2,7.1,0.8,0.6,
148,Asteraceae,Hieracium bifidum,C,1,22.6,5.9,0.9,0.6,
149,Asteraceae,Hieracium bifidum,C,1,18.4,5.5,0.8,0.6,
150,Asteraceae,Hieracium bifidum,C,1,18.5,5.8,0.9,0.5,
151,Scrophulariaceae,Veronica chamaedrys,S,1,11.1,0,,,
152,Scrophulariaceae,Veronica chamaedrys,S,1,11.8,0,,,
153,Scrophulariaceae,Veronica chamaedrys,S,1,10.5,0,,,
154,Scrophulariaceae,Veronica chamaedrys,S,1,11.4,0,,,
155,Scrophulariaceae,Veronica chamaedrys,S,1,10.8,0,,,
156,Scrophulariaceae,Veronica chamaedrys,S,1,10.3,0,,,
157,Scrophulariaceae,Veronica chamaedrys,S,1,10.5,0,,,
158,Scrophulariaceae,Veronica chamaedrys,S,1,11.3,0,,,
159,Scrophulariaceae,Veronica chamaedrys,S,1,10.7,0,,,
160,Scrophulariaceae,Veronica chamaedrys,S,1,11.7,0,,,
161,Caryophyllaceae,Silene dioica,S,1,18.4,14.5,2,2.3,
162,Caryophyllaceae,Silene dioica,S,1,17.7,10,1.8,1.8,
163,Caryophyllaceae,Silene dioica,S,1,20.1,9.2,1.8,1.8,
164,Caryophyllaceae,Silene dioica,S,1,18,10.9,1.7,1.7,
165,Caryophyllaceae,Silene dioica,S,1,19.1,9,2.4,2.3,
166,Caryophyllaceae,Silene dioica,S,1,19,9.5,3.2,3.2,
167,Caryophyllaceae,Silene dioica,S,1,18.1,9.6,1.8,2.9,
168,Caryophyllaceae,Silene dioica,S,1,19.7,9.9,2.1,2,
169,Caryophyllaceae,Silene dioica,S,1,19.8,10.7,2.4,1.8,
170,Caryophyllaceae,Silene dioica,S,1,20.4,12.6,2.7,3,
171,Apiaceae,Anthriscus nitidus,C,1,48.7,0,,,
172,Apiaceae,Anthriscus nitidus,C,1,49.8,0,,,
173,Apiaceae,Anthriscus nitidus,C,1,44.9,0,,,
174,Apiaceae,Anthriscus nitidus,C,1,38.1,0,,,
175,Apiaceae,Anthriscus nitidus,C,1,46,0,,,
176,Apiaceae,Anthriscus nitidus,C,1,47.2,0,,,
177,Apiaceae,Anthriscus nitidus,C,1,36.1,0,,,
178,Apiaceae,Anthriscus nitidus,C,1,47.5,0,,,
179,Apiaceae,Anthriscus nitidus,C,1,51.4,0,,,
180,Apiaceae,Anthriscus nitidus,C,1,40.2,0,,,
191,Lamiaceae,Thymus praecox,FU,7,4.3,4.1,0.7,0.6,
192,Lamiaceae,Thymus praecox,FU,2,3.7,3.6,0.9,0.6,
193,Lamiaceae,Thymus praecox,FU,5,4.1,2.7,0.7,0.6,
194,Lamiaceae,Thymus praecox,FU,14,4.3,2.9,0.9,0.5,
195,Lamiaceae,Thymus praecox,FU,9,3.9,2.6,0.9,0.5,
196,Lamiaceae,Thymus praecox,FU,6,3.7,3.5,1,0.6,
197,Lamiaceae,Thymus praecox,FU,5,4.9,3.7,1.1,0.6,
198,Lamiaceae,Thymus praecox,FU,8,3.4,3.3,0.7,0.6,
199,Fabaceae,Anthyllis vulneraria,FU,9,4.2,9.6,1.5,1.3,
200,Fabaceae,Anthyllis vulneraria,FU,8,4.7,9.6,1.4,1.5,
201,Fabaceae,Anthyllis vulneraria,FU,9,4,8.5,1.7,1,
202,Fabaceae,Anthyllis vulneraria,FU,9,3.6,9.9,1.7,1.6,
203,Fabaceae,Anthyllis vulneraria,FU,7,2.6,9.8,1.5,1.4,
204,Fabaceae,Anthyllis vulneraria,FU,5,2.6,11.6,1.9,1.4,
205,Fabaceae,Anthyllis vulneraria,FU,8,4.3,10.7,1.7,1.4,
206,Fabaceae,Anthyllis vulneraria,FU,6,4.2,11.4,1.7,1.3,
207,Asteraceae,Taraxacum alpinum,C,1,37.9,1.9,0.8,0.5,
208,Asteraceae,Taraxacum alpinum,C,1,37.2,1.2,1,0.5,
209,Asteraceae,Taraxacum alpinum,C,1,33.5,2.1,0.8,0.5,
210,Asteraceae,Taraxacum alpinum,C,1,36.3,1.9,0.8,0.6,
211,Asteraceae,Taraxacum alpinum,C,1,38.9,1.5,0.7,0.4,
212,Asteraceae,Taraxacum alpinum,C,1,35.6,1.5,0.7,0.4,
213,Asteraceae,Taraxacum alpinum,C,1,35.3,1.2,0.8,0.5,
214,Asteraceae,Taraxacum alpinum,C,1,34.6,1.9,0.9,0.5,
215,Asteraceae,Taraxacum alpinum,C,1,31.5,1.2,0.7,0.5,
216,Asteraceae,Taraxacum alpinum,C,1,29.3,1.8,0.8,0.5,
217,Ericaceae,Rhodothamnus chamaecistus,S,1,27.6,0,,,
218,Ericaceae,Rhodothamnus chamaecistus,S,1,24.2,0,,,
219,Ericaceae,Rhodothamnus chamaecistus,S,1,24.1,0,,,
220,Ericaceae,Rhodothamnus chamaecistus,S,1,24.2,0,,,
221,Ericaceae,Rhodothamnus chamaecistus,S,1,26.4,0,,,
222,Ericaceae,Rhodothamnus chamaecistus,S,1,24.3,0,,,
223,Ericaceae,Rhodothamnus chamaecistus,S,1,24.2,0,,,
224,Ericaceae,Rhodothamnus chamaecistus,S,1,25.5,0,,,
225,Ericaceae,Rhodothamnus chamaecistus,S,1,23.2,0,,,
226,Ericaceae,Rhodothamnus chamaecistus,S,1,22.5,0,,,
227,Primulaceae,Primula farinosa,FU,6,12,5.7,1.1,0.8,
228,Primulaceae,Primula farinosa,FU,6,10.4,6.5,1.1,0.6,
229,Primulaceae,Primula farinosa,FU,6,13.8,7.2,0.7,0.9,
230,Primulaceae,Primula farinosa,FU,7,13.8,7.4,0.7,0.9,
231,Primulaceae,Primula farinosa,FU,6,13.4,7.2,0.8,1.2,
232,Primulaceae,Primula farinosa,FU,6,11.9,7.1,1.1,0.8,
233,Primulaceae,Primula farinosa,FU,7,12.7,6.5,0.8,1,
234,Primulaceae,Primula farinosa,FU,2,13,6.7,1.1,0.8,
235,Lentibulariaceae,Pinguicula alpina,S,1,12.3,4.2,6.6,1.6,
236,Lentibulariaceae,Pinguicula alpina,S,1,12.6,5.1,5.6,2.5,
237,Lentibulariaceae,Pinguicula alpina,S,1,10,3.6,7.1,2.6,
238,Lentibulariaceae,Pinguicula alpina,S,1,13.4,4,6.1,2.3,
239,Lentibulariaceae,Pinguicula alpina,S,1,11.5,4.8,7,2.1,
240,Lentibulariaceae,Pinguicula alpina,S,1,10.4,4.8,5.5,2.8,
241,Lentibulariaceae,Pinguicula alpina,S,1,13.1,4.2,6.4,2.1,
242,Lentibulariaceae,Pinguicula alpina,S,1,10.9,5.8,6.5,3.6,
243,Lentibulariaceae,Pinguicula alpina,S,1,13.2,4.1,6.6,3.1,
244,Globulariaceae,Globularia cordifolia,C,1,23,2.5,0.6,0.5,
245,Globulariaceae,Globularia cordifolia,C,1,21.7,3,0.7,0.5,
246,Globulariaceae,Globularia cordifolia,C,1,20.1,3,0.6,0.6,
247,Globulariaceae,Globularia cordifolia,C,1,21,3,0.6,0.5,
248,Globulariaceae,Globularia cordifolia,C,1,20.3,3.2,0.6,0.6,
249,Globulariaceae,Globularia cordifolia,C,1,19.8,3.4,0.8,0.6,
250,Globulariaceae,Globularia cordifolia,C,1,19.9,3.5,0.6,0.5,
251,Globulariaceae,Globularia cordifolia,C,1,22.8,3.5,0.7,0.6,
252,Globulariaceae,Globularia cordifolia,C,1,22.5,3.3,0.6,0.5,
253,Globulariaceae,Globularia cordifolia,C,1,19.9,3.8,0.8,0.6,
254,Brassicaceae,Cardamine enneaphyllos,FU,7,6.7,14.6,6,4,
255,Brassicaceae,Cardamine enneaphyllos,FU,6,4.7,13.5,4.7,3.6,
256,Brassicaceae,Cardamine enneaphyllos,FU,4,7.2,7.6,4.2,3.5,
257,Brassicaceae,Cardamine enneaphyllos,FU,2,7.6,13.7,7.6,3.3,
258,Brassicaceae,Cardamine enneaphyllos,FU,5,5.1,11.1,5.1,4.1,
259,Brassicaceae,Cardamine enneaphyllos,FU,6,5.6,13.6,5.6,4.4,
260,Brassicaceae,Cardamine enneaphyllos,FU,5,7.3,12.8,7.3,3.6,
261,Brassicaceae,Cardamine enneaphyllos,FU,7,4.8,10.8,4.8,4,
262,Brassicaceae,Cardamine enneaphyllos,FU,3,7.2,10.3,7.2,3.2,
263,Brassicaceae,Cardamine enneaphyllos,FU,4,7.2,10.6,7.2,2.5,
264,Brassicaceae,Biscutella laevigata,FU,6,5.5,0,,,
265,Brassicaceae,Biscutella laevigata,FU,2,6.8,0,,,
266,Brassicaceae,Biscutella laevigata,FU,1,7.4,0,,,
267,Brassicaceae,Biscutella laevigata,FU,8,5.3,0,,,
268,Brassicaceae,Biscutella laevigata,FU,5,6.5,0,,,
269,Asteraceae,Aster bellidiastrum,C,1,18.1,3.1,0.9,0.5,
270,Asteraceae,Aster bellidiastrum,C,1,23.1,4.2,0.8,0.5,
271,Asteraceae,Aster bellidiastrum,C,1,19,3.3,1,0.6,
272,Asteraceae,Aster bellidiastrum,C,1,18.5,3.8,0.9,0.5,
273,Asteraceae,Aster bellidiastrum,C,1,19.6,3.2,0.8,0.5,
274,Asteraceae,Aster bellidiastrum,C,1,19.9,3.1,0.7,0.5,
275,Primulaceae,Primula auricula,FU,14,15.6,11.2,4.3,2.5,
276,Primulaceae,Primula auricula,FU,12,15.7,11.5,3.8,2.3,
277,Primulaceae,Primula auricula,FU,5,14.3,10.8,3.1,2.4,
278,Primulaceae,Primula auricula,FU,10,16.5,11.7,4.1,2.1,
279,Primulaceae,Primula auricula,FU,9,14.8,14.6,3.5,2.2,
280,Primulaceae,Primula auricula,FU,5,14.9,10.7,3.3,2.1,
281,Primulaceae,Primula auricula,FU,,12.3,7.5,2.8,2.4,
282,Thymelaeceae,Daphne mezereum,FU,9,10.5,7.6,2.4,2.3,
283,Thymelaeceae,Daphne mezereum,FU,9,9.7,7.5,2.9,2,
284,Thymelaeceae,Daphne mezereum,FU,5,11.2,6.6,2.9,2.1,
285,Thymelaeceae,Daphne mezereum,FU,9,9.5,8.9,2.6,2.4,
286,Thymelaeceae,Daphne mezereum,FU,,12.1,6.3,2.6,2.2,
287,Thymelaeceae,Daphne mezereum,FU,,10,6.1,2.8,2,
288,Thymelaeceae,Daphne mezereum,FU,,9.2,6.1,2.7,2.7,
289,Thymelaeceae,Daphne mezereum,FU,,10.8,7,2.8,2.5,
290,Thymelaeceae,Daphne mezereum,FU,,12.4,7.9,2.9,2.6,
291,Thymelaeceae,Daphne mezereum,FU,,7.3,5.9,2.5,1.5,
292,Ranunculaceae,Ranunculus acris,S,1,15.1,0,,,
293,Ranunculaceae,Ranunculus acris,S,1,13.8,0,,,
294,Ranunculaceae,Ranunculus acris,S,1,11.9,0,,,
295,Ranunculaceae,Ranunculus acris,S,1,15.6,0,,,
296,Ranunculaceae,Ranunculus acris,S,1,18.9,0,,,
297,Ranunculaceae,Ranunculus acris,S,1,17,0,,,
298,Ranunculaceae,Ranunculus acris,S,1,18,0,,,
299,Ranunculaceae,Ranunculus acris,S,1,16.4,0,,,
300,Ranunculaceae,Ranunculus acris,S,1,13.1,0,,,
301,Ranunculaceae,Ranunculus acris,S,1,14.2,0,,,
302,Apiaceae,Chaerophyllum hirsutum,C,1,51.7,0,,,
303,Apiaceae,Chaerophyllum hirsutum,C,1,53.5,0,,,
304,Apiaceae,Chaerophyllum hirsutum,C,1,40.6,0,,,
305,Apiaceae,Chaerophyllum hirsutum,C,1,38.2,0,,,
306,Apiaceae,Chaerophyllum hirsutum,C,1,41.4,0,,,
307,Apiaceae,Chaerophyllum hirsutum,C,1,39.5,0,,,
308,Apiaceae,Chaerophyllum hirsutum,C,1,30.2,0,,,
309,Apiaceae,Chaerophyllum hirsutum,C,1,32.2,0,,,
310,Apiaceae,Chaerophyllum hirsutum,C,1,22.7,0,,,
311,Apiaceae,Chaerophyllum hirsutum,C,1,24.8,0,,,
312,Valerianaceae,Valeriana saxatilis,FU,11,4.7,2.1,0.7,0.4,
313,Valerianaceae,Valeriana saxatilis,FU,11,5.2,2.1,1,0.5,
314,Valerianaceae,Valeriana saxatilis,FU,12,4.5,1.6,1.1,0.5,
315,Valerianaceae,Valeriana saxatilis,FU,9,4.6,1.9,1,0.6,
316,Valerianaceae,Valeriana saxatilis,FU,7,4.5,1.6,1,0.7,
317,Valerianaceae,Valeriana saxatilis,FU,7,4.7,1.9,1.3,0.6,
318,Valerianaceae,Valeriana saxatilis,FU,10,4.3,1.2,1,0.7,
319,Valerianaceae,Valeriana saxatilis,FU,5,4.8,1.7,0.9,0.5,
320,Caryophyllaceae,Gypsophila repens,S,1,10.01,2.77,2.21,0.98,
321,Caryophyllaceae,Gypsophila repens,S,1,9.91,3.06,2.13,1.05,
322,Caryophyllaceae,Gypsophila repens,S,1,8.09,2.35,1.66,1.22,
323,Caryophyllaceae,Gypsophila repens,S,1,12.3,3.56,2.04,0.96,
324,Caryophyllaceae,Gypsophila repens,S,1,9.04,3.5,1.4,1.01,
325,Caryophyllaceae,Gypsophila repens,S,1,9.66,3.69,1.92,1.15,
326,Polygonaceae,Polygonum viviparum,C,1,12.48,2.41,1.02,1.04,
327,Polygonaceae,Polygonum viviparum,C,1,14.515,2.56,1.36,1.37,
328,Polygonaceae,Polygonum viviparum,C,1,12.655,3.1,1.01,1.15,
329,Polygonaceae,Polygonum viviparum,C,1,10.735,3.16,0.76,1.16,
330,Polygonaceae,Polygonum viviparum,C,1,11.585,3.24,0.98,1.44,
331,Polygonaceae,Polygonum viviparum,C,1,10.715,3.34,1.14,1.46,
332,Polygonaceae,Polygonum viviparum,C,1,10.48,2.82,1.05,1.15,
333,Rubiaceae,Galium album,FU,11,2.48,0,,,
334,Rubiaceae,Galium album,FU,11,2.46,0,,,
335,Rubiaceae,Galium album,FU,13,2.51,0,,,
336,Rubiaceae,Galium album,FU,9,3.14,0,,,
337,Rubiaceae,Galium album,FU,9,3.07,0,,,
338,Lamiaceae,Betonica alopecuros,FU,4,6.43,7.58,1.57,1.57,
339,Lamiaceae,Betonica alopecuros,FU,3,5.83,7.67,1.82,1.4,
340,Lamiaceae,Betonica alopecuros,FU,4,5.58,10.14,1.88,1.29,
341,Lamiaceae,Betonica alopecuros,FU,9,5.47,7,2.4,1.22,
342,Lamiaceae,Betonica alopecuros,FU,12,3.93,7.12,1.82,1.11,
343,Lamiaceae,Betonica alopecuros,FU,9,4.9,7.98,2.07,1.13,
344,Lamiaceae,Betonica alopecuros,FU,19,5.74,6.6,1.99,1.14,
345,Lamiaceae,Betonica alopecuros,FU,17,4.51,7,2.04,0.92,
346,Lamiaceae,Betonica alopecuros,FU,10,5.13,6.56,1.72,0.97,
347,Campanulaceae,Phyteuma orbiculare,C,1,17.45,2.46,2.91,2.09,
348,Campanulaceae,Phyteuma orbiculare,C,1,17.76,3.66,2.34,1.83,
349,Campanulaceae,Phyteuma orbiculare,C,1,12.3,2.92,1.85,1.96,
350,Campanulaceae,Phyteuma orbiculare,C,1,13.37,3.62,2.36,1.6,
351,Campanulaceae,Phyteuma orbiculare,C,1,12.03,2.14,3.53,2.27,
352,Campanulaceae,Phyteuma orbiculare,C,1,10.48,2.69,2.55,1.64,
353,Campanulaceae,Phyteuma orbiculare,C,1,10.14,2.33,3.47,2.3,
354,Campanulaceae,Phyteuma orbiculare,C,1,11.48,1.97,1.72,1.54,
355,Campanulaceae,Phyteuma orbiculare,C,1,14.84,3.03,1.96,2.38,
356,Asclepiadaceae,Vincetoxicum hirundinaria,FU,6,9.64,0,,,
357,Asclepiadaceae,Vincetoxicum hirundinaria,FU,9,7.46,0,,,
358,Asclepiadaceae,Vincetoxicum hirundinaria,FU,8,5.63,0,,,
359,Asclepiadaceae,Vincetoxicum hirundinaria,FU,17,8.12,0,,,
360,Asclepiadaceae,Vincetoxicum hirundinaria,FU,7,7.39,0,,,
361,Asclepiadaceae,Vincetoxicum hirundinaria,FU,12,8.57,0,,,
362,Asclepiadaceae,Vincetoxicum hirundinaria,FU,9,6.8,0,,,
363,Asclepiadaceae,Vincetoxicum hirundinaria,FU,9,7.3,0,,,
364,Asclepiadaceae,Vincetoxicum hirundinaria,FU,10,8.93,0,,,
365,Asclepiadaceae,Vincetoxicum hirundinaria,FU,4,9.79,0,,,
366,Fabaceae,Lotus corniculatus,FU,6,9.13,3.52,0.42,2.79,
367,Fabaceae,Lotus corniculatus,FU,4,10.17,4.95,0,2.06,Flower seems to be closed
368,Fabaceae,Lotus corniculatus,FU,4,8.84,3.47,0.15,2.32,
369,Fabaceae,Lotus corniculatus,FU,5,9.8,3.45,0.35,2.04,
370,Fabaceae,Lotus corniculatus,FU,3,9.79,3.74,0.25,1.54,
371,Fabaceae,Lotus corniculatus,FU,2,11.78,4.46,0.47,1.61,
372,Fabaceae,Lotus corniculatus,FU,2,8.66,3.68,0.22,1.81,
373,Fabaceae,Lotus corniculatus,FU,5,10.15,3.54,0.2,2.06,
374,Fabaceae,Lotus corniculatus,FU,3,9.37,4.56,0.5,2.1,
375,Liliaceae,Tofieldia calyculata,FU,21,4.98,0,,,
376,Liliaceae,Tofieldia calyculata,FU,34,5.71,0,,,
377,Liliaceae,Tofieldia calyculata,FU,23,4.68,0,,,
378,Liliaceae,Tofieldia calyculata,FU,19,5.35,0,,,
379,Liliaceae,Tofieldia calyculata,FU,28,5.23,0,,,
380,Liliaceae,Tofieldia calyculata,FU,31,4.96,0,,,
381,Liliaceae,Tofieldia calyculata,FU,28,6.05,0,,,
382,Apiaceae,Laserpitium siler,FU,29,24.37,0,,,
383,Apiaceae,Laserpitium siler,FU,43,21.44,0,,,
384,Apiaceae,Laserpitium siler,FU,20,20.40,0,,,
385,Apiaceae,Laserpitium siler,FU,38,20.66,0,,,
386,Apiaceae,Laserpitium siler,FU,38,17.75,0,,,
387,Rosaceae,Fragaria vesca,S,1,11.57,0,,,
388,Rosaceae,Fragaria vesca,S,1,14.06,0,,,
389,Rosaceae,Fragaria vesca,S,1,14.36,0,,,
390,Rosaceae,Fragaria vesca,S,1,15.82,0,,,
391,Rosaceae,Fragaria vesca,S,1,14.17,0,,,
392,Rosaceae,Fragaria vesca,S,1,13.68,0,,,
393,Rosaceae,Fragaria vesca,S,1,16.62,0,,,
394,Rosaceae,Fragaria vesca,S,1,14.97,0,,,
395,Apiaceae,Chaerophyllum hirsutum ssp. Villarsii,FU,9,15.81,0,,,
396,Apiaceae,Chaerophyllum hirsutum ssp. Villarsii,FU,8,16.74,0,,,
397,Apiaceae,Chaerophyllum hirsutum ssp. Villarsii,FU,12,20.21,0,,,
398,Apiaceae,Chaerophyllum hirsutum ssp. Villarsii,FU,9,15.42,0,,,
399,Apiaceae,Chaerophyllum hirsutum ssp. Villarsii,FU,9,13.9,0,,,
400,Apiaceae,Chaerophyllum hirsutum ssp. Villarsii,FU,10,15.94,0,,,
401,Orchidaceae,Dactylorhiza maculata,FU,9,12.6,8.87,1.48,0.48,
402,Orchidaceae,Dactylorhiza maculata,FU,5,9.18,7.69,1.61,0.69,
403,Orchidaceae,Dactylorhiza maculata,FU,11,11.6,7.79,1.71,0.47,
404,Orchidaceae,Dactylorhiza maculata,FU,7,10.04,7.16,1.95,0.29,
405,Orchidaceae,Dactylorhiza maculata,FU,8,9.55,8.71,2.12,0.65,
406,Orchidaceae,Dactylorhiza maculata,FU,6,9.71,8.64,2.06,0.82,
407,Lamiaceae,Acinos alpinus,S,1,8.37,10.17,2.23,0.53,
408,Lamiaceae,Acinos alpinus,S,1,7.33,10.41,2.6,0.5,
409,Lamiaceae,Acinos alpinus,S,1,7.18,11.22,1.51,0.5,
410,Lamiaceae,Acinos alpinus,S,1,8.72,9.81,2.12,0.64,
411,Lamiaceae,Acinos alpinus,S,1,7.43,11.03,2.58,0.7,
412,Lamiaceae,Acinos alpinus,S,1,7.61,9.32,1.97,0.61,
413,Lamiaceae,Acinos alpinus,S,1,9.09,11.98,2.49,0.78,
414,Lamiaceae,Acinos alpinus,S,1,7.82,10.45,2.1,0.53,
415,Lamiaceae,Acinos alpinus,S,1,8.22,11.62,2.16,0.54,
416,Lamiaceae,Acinos alpinus,S,1,9.55,10.2,2.19,0.58,
417,Liliaceae,Maianthemum bifolium,FU,22,2.62,0,,,
418,Liliaceae,Maianthemum bifolium,FU,17,1.94,0,,,
419,Liliaceae,Maianthemum bifolium,FU,26,2.4,0,,,
420,Liliaceae,Maianthemum bifolium,FU,18,3.06,0,,,
421,Liliaceae,Maianthemum bifolium,FU,29,2.4,0,,,
422,Liliaceae,Maianthemum bifolium,FU,32,2.55,0,,,
423,Liliaceae,Maianthemum bifolium,FU,26,2.81,0,,,
424,Liliaceae,Maianthemum bifolium,FU,20,2.2,0,,,
425,Liliaceae,Maianthemum bifolium,FU,17,2.12,0,,,
426,Liliaceae,Maianthemum bifolium,FU,22,2.65,0,,,
427,Gentianaceae,Gentiana clusii,S,1,27.8,37.12,12.16,2.22,
428,Gentianaceae,Gentiana clusii,S,1,25.81,40.74,11.08,2.1,
429,Gentianaceae,Gentiana clusii,S,1,27.69,44.49,7.49,2.47,
430,Gentianaceae,Gentiana clusii,S,1,25.44,33.49,8.49,1.91,
431,Gentianaceae,Gentiana clusii,S,1,29.3,35.66,9.4,2.06,
432,Gentianaceae,Gentiana clusii,S,1,26.79,36.98,8.45,2.54,
433,Gentianaceae,Gentiana clusii,S,1,26,34.34,10.36,2.48,
434,Ranunculaceae,Trollius europaeus,S,1,32.13,12.52,0,14.51,Flower is completely closed; insects can crawl between the petals to reach nectar
435,Ranunculaceae,Trollius europaeus,S,1,32.15,12.23,0,18,
436,Ranunculaceae,Trollius europaeus,S,1,25.6,10.77,0,14.55,
437,Ranunculaceae,Trollius europaeus,S,1,25.78,14.91,0,18.16,
438,Boraginaceae,Myosotis alpestris,FU,10,6.09,1.46,0.48,0.73,
439,Boraginaceae,Myosotis alpestris,FU,8,5.67,1.57,0.53,0.74,
440,Boraginaceae,Myosotis alpestris,FU,10,8.2,1.92,0.61,0.83,
441,Boraginaceae,Myosotis alpestris,FU,9,7.58,2.06,0.3,0.75,
442,Boraginaceae,Myosotis alpestris,FU,10,6.1,2.1,0.5,0.76,
443,Boraginaceae,Myosotis alpestris,FU,9,7.89,2.51,0.64,0.78,
444,Boraginaceae,Myosotis alpestris,FU,8,6.51,2.39,0.6,0.77,
445,Boraginaceae,Myosotis alpestris,FU,9,6.24,2.52,0.69,0.7,
446,Boraginaceae,Myosotis alpestris,FU,9,7.01,3.58,0.71,0.83,
447,Boraginaceae,Myosotis alpestris,FU,10,6.74,2.73,0.48,0.72,
448,Asteraceae,Homogyne alpina,C,1,13.83,3.63,0.96,0.83,
449,Asteraceae,Homogyne alpina,C,1,15.91,3.96,1,0.7,
450,Asteraceae,Homogyne alpina,C,1,16.97,4.68,0.84,0.9,
451,Asteraceae,Homogyne alpina,C,1,15.15,3.57,0.94,0.8,
452,Asteraceae,Homogyne alpina,C,1,16.68,4.69,1.11,0.67,
453,Asteraceae,Homogyne alpina,C,1,13.87,3.74,1.24,0.8,
454,Asteraceae,Homogyne alpina,C,1,16.18,3.74,1.07,0.58,
455,Asteraceae,Crepis aurea,C,1,33.01,3.64,0.64,0.33,
456,Asteraceae,Crepis aurea,C,1,28.41,3.47,0.5,0.26,
457,Asteraceae,Crepis aurea,C,1,30.5,4.41,0.69,0.42,
458,Asteraceae,Crepis aurea,C,1,26.03,4.24,0.63,0.42,
459,Asteraceae,Crepis aurea,C,1,25.35,4.55,0.75,0.35,
460,Asteraceae,Crepis aurea,C,1,25.96,4.09,0.7,0.33,
461,Polygalaceae,Polygala alpestris,FU,6,6.12,3.29,0.95,0.93,
462,Polygalaceae,Polygala alpestris,FU,4,6.44,3.82,1.04,0.68,
463,Polygalaceae,Polygala alpestris,FU,8,4.46,3.74,1.01,0.79,
464,Polygalaceae,Polygala alpestris,FU,14,4.13,3.64,1.02,0.79,
465,Polygalaceae,Polygala alpestris,FU,6,4.56,3.33,1.5,0.75,
466,Polygalaceae,Polygala alpestris,FU,6,4.17,3.25,0.76,0.96,
467,Polygalaceae,Polygala alpestris,FU,11,3.34,3.63,0.67,0.9,
468,Polygalaceae,Polygala alpestris,FU,8,4.14,3.12,1.16,0.86,
469,Polygalaceae,Polygala alpestris,FU,11,3.76,2.79,1.02,0.76,
470,Primulaceae,Lysimachia nemorum,S,1,9.03,0,,,
471,Primulaceae,Lysimachia nemorum,S,1,10.28,0,,,
472,Primulaceae,Lysimachia nemorum,S,1,10.41,0,,,
473,Primulaceae,Lysimachia nemorum,S,1,11.66,0,,,
474,Primulaceae,Lysimachia nemorum,S,1,10.11,0,,,
475,Primulaceae,Lysimachia nemorum,S,1,10.71,0,,,
476,Primulaceae,Lysimachia nemorum,S,1,10.82,0,,,
477,Primulaceae,Lysimachia nemorum,S,1,11.24,0,,,
478,Primulaceae,Lysimachia nemorum,S,1,11,0,,,
479,Rosaceae,Potentilla aurea,S,1,17.8,0,,,
480,Rosaceae,Potentilla aurea,S,1,15.96,0,,,
481,Rosaceae,Potentilla aurea,S,1,21.09,0,,,
482,Rosaceae,Potentilla aurea,S,1,17.43,0,,,
483,Rosaceae,Potentilla aurea,S,1,19.1,0,,,
484,Rosaceae,Potentilla aurea,S,1,18.44,0,,,
485,Rosaceae,Potentilla aurea,S,1,15.74,0,,,
486,Rosaceae,Potentilla aurea,S,1,18.39,0,,,
487,Geraniaceae,Geranium sylvaticum,S,1,17.99,0,,,
488,Geraniaceae,Geranium sylvaticum,S,1,20.3,0,,,
489,Geraniaceae,Geranium sylvaticum,S,1,24.4,0,,,
490,Geraniaceae,Geranium sylvaticum,S,1,30,0,,,
491,Geraniaceae,Geranium sylvaticum,S,1,21.2,0,,,
492,Geraniaceae,Geranium sylvaticum,S,1,23.8,0,,,
493,Geraniaceae,Geranium sylvaticum,S,1,19.4,0,,,
494,Geraniaceae,Geranium sylvaticum,S,1,28.6,0,,,
495,Geraniaceae,Geranium sylvaticum,S,1,17.7,0,,,
496,Geraniaceae,Geranium sylvaticum,S,1,22.1,0,,,
497,Geraniaceae,Geranium sylvaticum,S,1,20.3,0,,,
498,Rosaceae,Geum rivale,S,1,5.74,11.42,4.27,9.08,nectar holder tube can be extended
499,Rosaceae,Geum rivale,S,1,9,13.11,7.36,9.95,
500,Rosaceae,Geum rivale,S,1,8.37,12.22,8.36,10.1,
501,Rosaceae,Geum rivale,S,1,5.65,14.15,3.88,10.63,
502,Rosaceae,Geum rivale,S,1,6.22,12.91,5.44,10.58,
503,Rosaceae,Geum rivale,S,1,5.84,10.4,4.17,7.94,
504,Ranunculaceae,Thalictrum aquilegiifolium,FU,10,18.7,0,,,
505,Ranunculaceae,Thalictrum aquilegiifolium,FU,19,15,0,,,
506,Ranunculaceae,Thalictrum aquilegiifolium,FU,16,18.5,0,,,
507,Ranunculaceae,Thalictrum aquilegiifolium,FU,21,19.1,0,,,
508,Ranunculaceae,Thalictrum aquilegiifolium,FU,11,17.4,0,,,
509,Ranunculaceae,Thalictrum aquilegiifolium,FU,,17.6,0,,,
510,Ranunculaceae,Thalictrum aquilegiifolium,FU,,18.6,0,,,
511,Ranunculaceae,Thalictrum aquilegiifolium,FU,,20,0,,,
512,Ranunculaceae,Thalictrum aquilegiifolium,FU,,15.4,0,,,
513,Ranunculaceae,Thalictrum aquilegiifolium,FU,,22.4,0,,,
514,Caryophyllaceae,Silene acaulis,S,1,9.6,6.8,1.3,0.9,
515,Caryophyllaceae,Silene acaulis,S,1,8.1,6.2,1.6,1,
516,Caryophyllaceae,Silene acaulis,S,1,10.4,6.7,1.5,1,
517,Caryophyllaceae,Silene acaulis,S,1,10.3,7.2,1.7,1,
518,Caryophyllaceae,Silene acaulis,S,1,9.4,7.6,1.5,1.2,
519,Caryophyllaceae,Silene acaulis,S,1,10.7,7.9,1.4,1,
520,Caryophyllaceae,Silene acaulis,S,1,9.6,5.7,0.8,1.3,
521,Caryophyllaceae,Silene acaulis,S,1,9,7.7,3,1.1,
522,Caryophyllaceae,Silene acaulis,S,1,11.2,9.6,2,1.5,
523,Caryophyllaceae,Silene acaulis,S,1,8.8,7.1,0.9,1.4,
524,Scrophulariaceae,Euphrasia officinalis,S,1,6.82,6.26,2.07,0.61,
525,Scrophulariaceae,Euphrasia officinalis,S,1,5.92,3.87,1.81,0.67,
526,Scrophulariaceae,Euphrasia officinalis,S,1,8.16,5.45,2.87,0.53,
527,Scrophulariaceae,Euphrasia officinalis,S,1,6.94,5.72,2.14,0.6,
528,Scrophulariaceae,Euphrasia officinalis,S,1,7.1,5.84,2.59,0.68,
529,Caryophyllaceae,Silene vulgaris,S,1,13.08,13.21,3.89,7.94,
530,Caryophyllaceae,Silene vulgaris,S,1,13.9,13.71,3.74,7.65,
531,Caryophyllaceae,Silene vulgaris,S,1,13.52,14.34,4.05,7.61,
532,Caryophyllaceae,Silene vulgaris,S,1,11.72,16.27,3.65,8.69,
533,Caryophyllaceae,Silene vulgaris,S,1,12.85,13.95,3.94,8.54,
534,Caryophyllaceae,Silene vulgaris,S,1,11.48,14.35,2.74,8.64,
535,Lamiaceae,Prunella vulgaris,FU,12,6.3,7.61,3.51,1.32,
536,Lamiaceae,Prunella vulgaris,FU,7,8.77,11.85,3.94,2.04,
537,Lamiaceae,Prunella vulgaris,FU,7,5.51,7.77,2.55,0.77,
538,Lamiaceae,Prunella vulgaris,FU,8,9.82,13.19,4.66,1.35,Signs of nectar robbery
539,Lamiaceae,Prunella vulgaris,FU,7,7.13,10.95,4.48,1.53,
540,Lamiaceae,Prunella vulgaris,FU,11,6.07,10.17,3.68,1.12,
541,Lamiaceae,Prunella vulgaris,FU,7,6.03,7.3,2.88,1.04,
542,Scrophulariaceae,Rhinanthus glacialis,FU,4,5.65,10.53,1.1,2.82,
543,Scrophulariaceae,Rhinanthus glacialis,FU,8,4.24,10.51,1.39,2.45,
544,Scrophulariaceae,Rhinanthus glacialis,FU,4,3.21,8.69,0.9,1.15,
545,Scrophulariaceae,Rhinanthus glacialis,FU,5,4.35,11.19,0.99,2.45,
546,Asteraceae,Buphthalmum salicifolium,C,1,52.86,3.38,0.69,0.24,
547,Asteraceae,Buphthalmum salicifolium,C,1,46.17,3.21,0.94,0.36,
548,Asteraceae,Buphthalmum salicifolium,C,1,49.42,4.09,1.1,0.42,
549,Asteraceae,Buphthalmum salicifolium,C,1,46.82,3.97,1.35,0.32,
550,Asteraceae,Buphthalmum salicifolium,C,1,40.83,3.78,0.84,0.33,
551,Asteraceae,Buphthalmum salicifolium,C,1,37.51,5.26,1.07,0.44,
552,Asteraceae,Buphthalmum salicifolium,C,1,54.68,4.62,0.82,0.33,
553,Asteraceae,Leucanthemum adustum,C,1,38.19,1.39,0.77,0.47,
554,Asteraceae,Leucanthemum adustum,C,1,30.28,1.19,0.93,0.59,
555,Asteraceae,Leucanthemum adustum,C,1,30.44,1.05,0.55,0.6,
556,Asteraceae,Leucanthemum adustum,C,1,20.36,1.08,1.08,0.6,
557,Asteraceae,Leucanthemum adustum,C,1,30.7,1.02,0.86,0.62,
558,Asteraceae,Leucanthemum adustum,C,1,36.86,1.45,0.71,0.53,
559,Asteraceae,Leucanthemum adustum,C,1,26.12,1.14,0.75,0.52,
560,Asteraceae,Leucanthemum adustum,C,1,28.04,1.47,0.61,0.4,
561,Asteraceae,Crepis paludosa,C,1,27.33,3.37,0.63,0.27,
562,Asteraceae,Crepis paludosa,C,1,20.63,3.26,0.66,0.29,
563,Asteraceae,Crepis paludosa,C,1,29.22,2.82,0.72,0.35,
564,Asteraceae,Carduus defloratus,C,1,19.86,3.94,0.81,0.31,
565,Asteraceae,Carduus defloratus,C,1,23.83,4.23,0.84,0.6,
566,Asteraceae,Carduus defloratus,C,1,29.29,3.25,0.93,0.54,
567,Asteraceae,Carduus defloratus,C,1,29.54,2.79,1.01,0.7,
568,Asteraceae,Carduus defloratus,C,1,25.33,3.84,0.84,0.51,
569,Asteraceae,Carduus defloratus,C,1,28.88,3.11,1.02,0.65,
570,Asteraceae,Carduus defloratus,C,1,28.05,3.65,0.99,0.49,
571,Caryophyllaceae,Stellaria nemorum,S,1,13.9,0,,,
572,Caryophyllaceae,Stellaria nemorum,S,1,17.4,0,,,
573,Caryophyllaceae,Stellaria nemorum,S,1,14.2,0,,,
574,Caryophyllaceae,Stellaria nemorum,S,1,16.6,0,,,
575,Caryophyllaceae,Stellaria nemorum,S,1,18.2,0,,,
576,Caryophyllaceae,Stellaria nemorum,S,1,16.4,0,,,
577,Caryophyllaceae,Stellaria nemorum,S,1,11.6,0,,,
578,Caryophyllaceae,Stellaria nemorum,S,1,15,0,,,
579,Caryophyllaceae,Stellaria nemorum,S,1,11.2,0,,,
580,Caryophyllaceae,Stellaria nemorum,S,1,16.3,0,,,
581,Lamiaceae,Bartsia alpina,FU,3,2.56,15.75,4.82,1.7,
582,Lamiaceae,Bartsia alpina,FU,3,3.29,16.71,5.2,2.41,
583,Lamiaceae,Bartsia alpina,FU,2,2.29,16.32,4.49,2.48,
584,Saxifragaceae,Saxifraga rotundifolia,S,1,13.79,0,,,
585,Saxifragaceae,Saxifraga rotundifolia,S,1,12.02,0,,,
586,Saxifragaceae,Saxifraga rotundifolia,S,1,11.89,0,,,
587,Saxifragaceae,Saxifraga rotundifolia,S,1,11.54,0,,,
588,Saxifragaceae,Saxifraga rotundifolia,S,1,10.02,0,,,
589,Saxifragaceae,Saxifraga rotundifolia,S,1,10.15,0,,,
590,Saxifragaceae,Saxifraga rotundifolia,S,1,10.88,0,,,
591,Saxifragaceae,Saxifraga rotundifolia,S,1,10.09,0,,,
592,Scrophulariaceae,Pedicularis rostratocapitata,FU,5,7.44,14.17,1.84,1.78,
593,Scrophulariaceae,Pedicularis rostratocapitata,FU,6,8.15,12.84,1.97,1.76,
594,Scrophulariaceae,Pedicularis rostratocapitata,FU,6,8.54,12.77,2.31,1.53,
595,Scrophulariaceae,Pedicularis rostratocapitata,FU,5,8.33,11.23,2.07,1.55,
596,Scrophulariaceae,Pedicularis rostratocapitata,FU,4,12.49,12.14,1.97,1.15,
597,Apiaceae,Ligusticum mutellina,C,1,40.62,0,,,
598,Apiaceae,Ligusticum mutellina,C,1,34.34,0,,,
599,Apiaceae,Ligusticum mutellina,C,1,39.54,0,,,
600,Apiaceae,Ligusticum mutellina,C,1,33.68,0,,,
601,Apiaceae,Ligusticum mutellina,C,1,31.65,0,,,
602,Apiaceae,Ligusticum mutellina,C,1,30.67,0,,,
603,Apiaceae,Ligusticum mutellina,C,1,23.03,0,,,
604,Asteraceae,Achillea clavennae,FU,17,8.95,2.84,0.65,0.38,
605,Asteraceae,Achillea clavennae,FU,7,7.91,2.19,0.69,0.45,
606,Asteraceae,Achillea clavennae,FU,12,9.31,2.57,0.57,0.26,
607,Asteraceae,Achillea clavennae,FU,10,10.23,3.11,0.67,0.42,
608,Asteraceae,Achillea clavennae,FU,7,7.3,2.41,0.6,0.47,
609,Asteraceae,Achillea clavennae,FU,12,8.93,2.76,0.52,0.42,
610,Asteraceae,Achillea clavennae,FU,8,13.64,2.4,0.67,0.43,
611,Apiaceae,Heracleum austriacum,FU,14,16.1,0,,,
612,Apiaceae,Heracleum austriacum,FU,12,17.2,0,,,
613,Apiaceae,Heracleum austriacum,FU,16,16.6,0,,,
614,Apiaceae,Heracleum austriacum,FU,10,21.8,0,,,
615,Apiaceae,Heracleum austriacum,FU,15,22,0,,,
616,Apiaceae,Heracleum austriacum,FU,11,19.7,0,,,
617,Apiaceae,Heracleum austriacum,FU,12,22.5,0,,,
618,Apiaceae,Heracleum austriacum,FU,8,15.9,0,,,
619,Apiaceae,Heracleum austriacum,FU,8,19,0,,,
620,Apiaceae,Heracleum austriacum,FU,13,20,0,,,
621,Hypericaceae,Hypericum maculatum,S,1,23.4,0,,,
622,Hypericaceae,Hypericum maculatum,S,1,27.4,0,,,
623,Hypericaceae,Hypericum maculatum,S,1,25.7,0,,,
624,Hypericaceae,Hypericum maculatum,S,1,27.5,0,,,
625,Hypericaceae,Hypericum maculatum,S,1,27.4,0,,,
626,Hypericaceae,Hypericum maculatum,S,1,21.1,0,,,
627,Hypericaceae,Hypericum maculatum,S,1,25,0,,,
628,Hypericaceae,Hypericum maculatum,S,1,27.2,0,,,
629,Hypericaceae,Hypericum maculatum,S,1,26.3,0,,,
630,Hypericaceae,Hypericum maculatum,S,1,25.2,0,,,
631,Apiaceae,Pimpinella major,C,1,54.7,0,,,
632,Apiaceae,Pimpinella major,C,1,55.7,0,,,
633,Apiaceae,Pimpinella major,C,1,59.9,0,,,
634,Apiaceae,Pimpinella major,C,1,51.1,0,,,
635,Apiaceae,Pimpinella major,C,1,56.7,0,,,
636,Apiaceae,Pimpinella major,C,1,50.8,0,,,
637,Apiaceae,Pimpinella major,C,1,60,0,,,
638,Apiaceae,Pimpinella major,C,1,56.4,0,,,
639,Apiaceae,Pimpinella major,C,1,53.2,0,,,
640,Apiaceae,Pimpinella major,C,1,80.9,0,,,
641,Liliaceae,Anthericum ramosum,S,1,29.5,0,,,
642,Liliaceae,Anthericum ramosum,S,1,25.1,0,,,
643,Liliaceae,Anthericum ramosum,S,1,24,0,,,
644,Liliaceae,Anthericum ramosum,S,1,22.8,0,,,
645,Liliaceae,Anthericum ramosum,S,1,25.7,0,,,
646,Liliaceae,Anthericum ramosum,S,1,23,0,,,
647,Liliaceae,Anthericum ramosum,S,1,22.2,0,,,
648,Liliaceae,Anthericum ramosum,S,1,22,0,,,
649,Liliaceae,Anthericum ramosum,S,1,24.7,0,,,
650,Liliaceae,Anthericum ramosum,S,1,19.7,0,,,
651,Plantaginaceae,Plantago media,C,1,20.8,,,,
652,Plantaginaceae,Plantago media,C,1,22.5,,,,
653,Plantaginaceae,Plantago media,C,1,20.7,,,,
654,Plantaginaceae,Plantago media,C,1,18.7,,,,
655,Plantaginaceae,Plantago media,C,1,19.1,,,,
656,Plantaginaceae,Plantago media,C,1,15.4,,,,
657,Plantaginaceae,Plantago media,C,1,16.3,,,,
658,Plantaginaceae,Plantago media,C,1,21.3,,,,
659,Scrophulariaceae,Melampyrum sylvaticum,S,1,3.08,5.14,1.25,0.66,
660,Scrophulariaceae,Melampyrum sylvaticum,S,1,3.69,6.14,1.73,0.8,
661,Scrophulariaceae,Melampyrum sylvaticum,S,1,3.54,6.14,2.06,0.76,
662,Scrophulariaceae,Melampyrum sylvaticum,S,1,3.56,6.38,1.86,0.78,
663,Scrophulariaceae,Melampyrum sylvaticum,S,1,3.56,6.05,1.94,0.94,
664,Scrophulariaceae,Melampyrum sylvaticum,S,1,3.19,5.86,1.74,0.64,
665,Scrophulariaceae,Melampyrum sylvaticum,S,1,3.5,6.08,1.99,0.83,
666,Scrophulariaceae,Melampyrum sylvaticum,S,1,3.87,5.63,2.09,0.75,
667,Scrophulariaceae,Melampyrum sylvaticum,S,1,3.1,6.46,2.04,0.75,
668,Scrophulariaceae,Melampyrum sylvaticum,S,1,3.96,6.03,2.55,0.95,
669,Scrophulariaceae,Veronica officinalis,FU,1,5.23,,,,
670,Scrophulariaceae,Veronica officinalis,FU,4,4.7,,,,
671,Scrophulariaceae,Veronica officinalis,FU,7,5.5,,,,
672,Scrophulariaceae,Veronica officinalis,FU,3,6.78,,,,
673,Scrophulariaceae,Veronica officinalis,FU,2,4.87,,,,
674,Saxifragaceae,Saxifraga caesia,S,1,10.46,2.18,2.96,1.8,
675,Saxifragaceae,Saxifraga caesia,S,1,8.1,1.1,2.75,1.63,
676,Saxifragaceae,Saxifraga caesia,S,1,8.64,1.58,2.56,1.81,
677,Saxifragaceae,Saxifraga caesia,S,1,9.08,2.17,3.11,1.91,
678,Saxifragaceae,Saxifraga caesia,S,1,9.94,2.11,2.76,1.79,
679,Saxifragaceae,Saxifraga caesia,S,1,8.71,1.75,2.68,2.14,
680,Saxifragaceae,Saxifraga caesia,S,1,9.05,2.42,3.36,2.11,
681,Saxifragaceae,Saxifraga caesia,S,1,10.1,1.69,2.95,2.04,
682,Saxifragaceae,Saxifraga caesia,S,1,7,1.77,2.61,1.87,
683,Saxifragaceae,Saxifraga caesia,S,1,6.9,1.57,2.21,1.67,
684,Cistaceae,Helianthemum nummularium,S,1,25.4,0,,,
685,Cistaceae,Helianthemum nummularium,S,1,27.4,0,,,
686,Cistaceae,Helianthemum nummularium,S,1,25.1,0,,,
687,Cistaceae,Helianthemum nummularium,S,1,27.5,0,,,
688,Cistaceae,Helianthemum nummularium,S,1,27.1,0,,,
689,Cistaceae,Helianthemum nummularium,S,1,26.9,0,,,
690,Cistaceae,Helianthemum nummularium,S,1,24.9,0,,,
691,Cistaceae,Helianthemum nummularium,S,1,26.7,0,,,
692,Cistaceae,Helianthemum nummularium,S,1,27.2,0,,,
693,Cistaceae,Helianthemum nummularium,S,1,23.1,0,,,
694,Cistaceae,Helianthemum alpestre,S,1,15.3,0,,,
695,Cistaceae,Helianthemum alpestre,S,1,15.2,0,,,
696,Cistaceae,Helianthemum alpestre,S,1,13.8,0,,,
697,Cistaceae,Helianthemum alpestre,S,1,14.9,0,,,
698,Cistaceae,Helianthemum alpestre,S,1,14,0,,,
699,Cistaceae,Helianthemum alpestre,S,1,14.7,0,,,
700,Cistaceae,Helianthemum alpestre,S,1,15.6,0,,,
701,Cistaceae,Helianthemum alpestre,S,1,13.9,0,,,
702,Cistaceae,Helianthemum alpestre,S,1,13.2,0,,,
703,Cistaceae,Helianthemum alpestre,S,1,11.3,0,,,
704,Asteraceae,Antennaria carpatica,FU,7,7.61,,,,Male
705,Asteraceae,Antennaria carpatica,FU,8,9.37,0.87,1.39,0.34,Female
706,Asteraceae,Antennaria carpatica,FU,8,5.38,,,,Male
707,Asteraceae,Antennaria carpatica,FU,4,5.91,,,,Male
708,Asteraceae,Antennaria carpatica,FU,8,7.45,0.82,1.09,0.41,Female
709,Asteraceae,Antennaria carpatica,FU,6,7.31,1.11,0.85,0.38,Female
710,Asteraceae,Antennaria carpatica,FU,6,7.19,0.96,1.28,0.33,Female
711,Asteraceae,Antennaria carpatica,FU,5,6.78,1.05,0.86,0.47,Female
712,Asteraceae,Antennaria carpatica,FU,6,7.92,1.34,1,0.38,Female
713,Asteraceae,Achillea millefolium,FU,39,5.62,0.92,0.61,0.42,
714,Asteraceae,Achillea millefolium,FU,39,6.41,1.01,0.7,0.36,
715,Asteraceae,Achillea millefolium,FU,34,7.05,0.93,0.57,0.38,
716,Asteraceae,Achillea millefolium,FU,28,5.29,0.76,0.59,0.37,
717,Asteraceae,Achillea millefolium,FU,33,6.79,1.36,0.96,0.47,
718,Asteraceae,Achillea millefolium,FU,43,6.1,1.07,0.74,0.44,
719,Asteraceae,Achillea millefolium,FU,47,5.91,1.16,0.54,0.37,
720,Asteraceae,Achillea millefolium,FU,29,6.1,1.05,0.79,0.31,
721,Asteraceae,Achillea millefolium,FU,35,5.23,0.83,0.61,0.42,
722,Santalaceae,Thesium alpinum,S,1,2.5,2.83,0.91,0.49,
723,Santalaceae,Thesium alpinum,S,1,3.56,2.95,1.49,0.59,
724,Santalaceae,Thesium alpinum,S,1,3.5,2.88,1.2,0.63,
725,Santalaceae,Thesium alpinum,S,1,3.47,2.62,1.22,0.58,
726,Santalaceae,Thesium alpinum,S,1,3.52,2.62,1.03,0.54,
727,Santalaceae,Thesium alpinum,S,1,3.39,2.8,1.15,0.65,
728,Santalaceae,Thesium alpinum,S,1,3.75,2.33,1.09,0.58,
729,Santalaceae,Thesium alpinum,S,1,3.52,2.77,1.01,0.6,
730,Gentianaceae,Gentiana utriculosa,S,1,12.2,17.66,2.09,1.6,
731,Gentianaceae,Gentiana utriculosa,S,1,11.09,15.91,1.86,1.4,
732,Gentianaceae,Gentiana utriculosa,S,1,12.15,15.92,2.09,1.57,
733,Gentianaceae,Gentiana utriculosa,S,1,10.44,15.16,2.25,1.56,
734,Gentianaceae,Gentiana utriculosa,S,1,12.19,16.37,2.06,1.42,
735,Orchidaceae,Nigritella nigra,C,1,14.37,2.67,1.95,1.15,
736,Orchidaceae,Nigritella nigra,C,1,14.41,3.11,1.92,1.18,
737,Orchidaceae,Nigritella nigra,C,1,16.49,3.21,2.28,0.98,
738,Orchidaceae,Nigritella nigra,C,1,14.71,2.57,1.85,0.94,
739,Orchidaceae,Nigritella nigra,C,1,18.74,3.53,1.72,1.31,
740,Orchidaceae,Nigritella nigra,C,1,13.03,2.08,1.53,1.06,
741,Orchidaceae,Nigritella nigra,C,1,13.85,1.86,1.49,1.21,
742,Caryophyllaceae,Cerastium fontanum,S,1,6.7,0,,,
743,Caryophyllaceae,Cerastium fontanum,S,1,6.7,0,,,
744,Lamiaceae,Clinopodium vulgare,S,1,6.35,11.49,2.21,0.89,
745,Caryophyllaceae,Stellaria graminea,S,1,8.6,,,,
746,Caryophyllaceae,Stellaria graminea,S,1,11.3,,,,
747,Caryophyllaceae,Stellaria graminea,S,1,7.2,,,,
748,Caryophyllaceae,Stellaria graminea,S,1,8.1,,,,
749,Caryophyllaceae,Stellaria graminea,S,1,9.8,,,,
750,Caryophyllaceae,Stellaria graminea,S,1,9.3,,,,
751,Caryophyllaceae,Stellaria graminea,S,1,9.7,,,,
752,Caryophyllaceae,Stellaria graminea,S,1,8.4,,,,
753,Caryophyllaceae,Stellaria graminea,S,1,8,,,,
754,Caryophyllaceae,Stellaria graminea,S,1,7,,,,
755,Orchidaceae,Orchis ustulata,FU,20,6.57,2.53,2.89,1.69,
756,Scrophulariaceae,Melampyrum pratense,S,1,3.39,10.4,3.04,1.22,
757,Scrophulariaceae,Melampyrum pratense,S,1,3.17,10.18,2.84,1,
758,Scrophulariaceae,Melampyrum pratense,S,1,3.36,10.67,2.99,1.5,
759,Scrophulariaceae,Melampyrum pratense,S,1,3.07,9.62,2.77,1.19,
760,Scrophulariaceae,Melampyrum pratense,S,1,2.8,9.66,2.95,1.27,
761,Scrophulariaceae,Melampyrum pratense,S,1,2.63,9.65,2.81,1.62,
762,Scrophulariaceae,Melampyrum pratense,S,1,3.4,9.54,2.76,1.31,
763,Scrophulariaceae,Melampyrum pratense,S,1,2.67,10.18,3.06,1.66,
764,Scrophulariaceae,Melampyrum pratense,S,1,2.37,10.16,2.14,1.3,
765,Scrophulariaceae,Melampyrum pratense,S,1,2.52,9.32,2.02,1.13,
766,Asteraceae,Hieracium glanduliferum,C,1,21.8,3.64,0.47,0.28,
767,Asteraceae,Hieracium glanduliferum,C,1,25.1,4.31,0.57,0.34,
768,Asteraceae,Hieracium glanduliferum,C,1,21.8,3.43,0.54,0.4,
769,Asteraceae,Hieracium glanduliferum,C,1,23.5,3.96,0.59,0.37,
770,Asteraceae,Hieracium glanduliferum,C,1,22.4,4.91,0.63,0.33,
771,Asteraceae,Hieracium glanduliferum,C,1,28.6,4.01,0.63,0.32,
772,Asteraceae,Hieracium glanduliferum,C,1,21.4,5.44,0.67,0.4,
773,Asteraceae,Hieracium glanduliferum,C,1,24.4,3.39,0.55,0.46,
774,Asteraceae,Hieracium pilosella,C,1,12.8,3.18,0.32,0.2,
775,Asteraceae,Hieracium pilosella,C,1,13.3,2.96,0.33,0.19,
776,Asteraceae,Hieracium pilosella,C,1,14.4,3.3,0.32,0.22,
777,Parnassiaceae,Parnassia palustris,S,1,17.8,0,,,
778,Parnassiaceae,Parnassia palustris,S,1,12.2,0,,,
779,Parnassiaceae,Parnassia palustris,S,1,15.5,0,,,
780,Parnassiaceae,Parnassia palustris,S,1,18.4,0,,,
781,Parnassiaceae,Parnassia palustris,S,1,22,0,,,
782,Parnassiaceae,Parnassia palustris,S,1,11.8,0,,,
783,Parnassiaceae,Parnassia palustris,S,1,19.9,0,,,
784,Parnassiaceae,Parnassia palustris,S,1,16.8,0,,,
785,Asteraceae,Erigeron glabratus,C,1,14.77,3.77,0.57,0.42,
786,Asteraceae,Erigeron glabratus,C,1,10.42,3.46,0.63,0.43,
787,Asteraceae,Erigeron glabratus,C,1,12.74,3.62,0.66,0.41,
788,Asteraceae,Erigeron glabratus,C,1,10.47,4.05,0.74,0.37,
789,Asteraceae,Erigeron glabratus,C,1,9.02,3.38,0.55,0.38,
790,Asteraceae,Erigeron glabratus,C,1,7.84,3.78,0.5,0.36,
791,Asteraceae,Erigeron glabratus,C,1,13,3.65,0.65,0.33,
792,Asteraceae,Erigeron glabratus,C,1,13.02,3.97,0.52,0.29,
793,Asteraceae,Erigeron glabratus,C,1,14.21,4.27,0.54,0.35,
794,Asteraceae,Erigeron glabratus,C,1,14.6,3.67,0.6,0.31,
795,Asteraceae,Hieracium aurantiacum,C,1,4.35,0.51,0.24,11.77,
796,Fabaceae,Hedysarum hedysaroides,FU,6,6.58,5.61,1.69,1.2,
797,Scrophulariaceae,Euphrasia minima,S,1,2.25,3.24,0.71,0.39,
798,Scrophulariaceae,Euphrasia minima,S,1,2.78,3.53,0.67,0.45,
799,Scrophulariaceae,Euphrasia minima,S,1,2.12,3.08,0.68,0.44,
800,Scrophulariaceae,Euphrasia minima,S,1,2.85,3.86,0.73,0.55,
801,Scrophulariaceae,Euphrasia minima,S,1,2.34,2.86,0.69,0.56,
802,Dipsacaceae,Knautia dipsacifolia,C,1,27.81,6.01,1.99,1.13,
803,Dipsacaceae,Knautia dipsacifolia,C,1,28.39,5.91,2.06,0.89,
804,Dipsacaceae,Knautia dipsacifolia,C,1,25.97,4.94,1.63,0.89,
805,Dipsacaceae,Knautia dipsacifolia,C,1,27.86,5.62,1.78,1.01,
806,Dipsacaceae,Knautia dipsacifolia,C,1,29.42,6.76,2.33,1.11,
807,Dipsacaceae,Knautia dipsacifolia,C,1,27.5,5.9,1.9,0.85,
808,Dipsacaceae,Knautia dipsacifolia,C,1,27.32,5.45,1.32,0.71,
809,Dipsacaceae,Knautia dipsacifolia,C,1,31.96,5.15,1.92,1.15,
810,Dipsacaceae,Knautia dipsacifolia,C,1,23.91,5.75,1.97,0.94,
811,Dipsacaceae,Knautia dipsacifolia,C,1,30.15,7.29,2.23,0.74,
812,Ranunculaceae,Aquilegia vulgaris,S,1,14.37,0,,,
813,Campanulaceae,Campanula cochleariifolia,S,1,13.11,9.57,8.82,7.04,
814,Campanulaceae,Campanula cochleariifolia,S,1,10.37,7.52,9.49,6.32,
815,Campanulaceae,Campanula cochleariifolia,S,1,14.89,9.13,10.2,7.73,
816,Campanulaceae,Campanula cochleariifolia,S,1,13.29,9.8,10.4,7.7,
817,Campanulaceae,Campanula cochleariifolia,S,1,11.76,9.06,9.87,7.02,
818,Campanulaceae,Campanula cochleariifolia,S,1,14.27,9.94,11.39,7.78,
819,Campanulaceae,Campanula cochleariifolia,S,1,9.74,7.92,7.33,5.89,
820,Campanulaceae,Campanula cochleariifolia,S,1,9,8.58,8.54,6.23,
821,Asteraceae,Centaurea jacea,C,1,35.96,17.78,0.75,0.47,
822,Asteraceae,Centaurea jacea,C,1,45.19,12.93,1.33,0.46,
823,Asteraceae,Centaurea jacea,C,1,34.34,13.62,0.5,0.3,
824,Asteraceae,Centaurea jacea,C,1,48.19,11.55,0.97,0.5,
825,Asteraceae,Centaurea jacea,C,1,39.29,12.5,1.2,0.5,
826,Asteraceae,Centaurea jacea,C,1,31.16,10.49,0.99,0.52,
827,Asteraceae,Centaurea jacea,C,1,32.2,11.57,1.13,0.46,
828,Asteraceae,Centaurea jacea,C,1,25.93,12.61,1.23,0.56,
829,Plantaginaceae,Plantago lanceolata,C,1,19.17,0,,,
830,Plantaginaceae,Plantago lanceolata,C,1,20.58,0,,,
831,Plantaginaceae,Plantago lanceolata,C,1,18.78,0,,,
832,Plantaginaceae,Plantago lanceolata,C,1,18.6,0,,,
833,Plantaginaceae,Plantago lanceolata,C,1,21.61,0,,,
834,Plantaginaceae,Plantago lanceolata,C,1,19.99,0,,,
835,Plantaginaceae,Plantago lanceolata,C,1,20.88,0,,,
836,Asteraceae,Prenanthes purpurea,C,1,16.91,6.27,0.81,0.38,
837,Asteraceae,Prenanthes purpurea,C,1,12.2,4.71,0.68,0.45,
838,Asteraceae,Prenanthes purpurea,C,1,17.18,6.84,0.85,0.46,
839,Fabaceae,Trifolium pratense,C,1,28.37,8.57,1.19,0.81,
840,Fabaceae,Trifolium pratense,C,1,23.94,9.82,1.27,0.7,
841,Fabaceae,Trifolium pratense,C,1,21.25,9.98,1.32,0.91,
842,Fabaceae,Trifolium pratense,C,1,23.17,12.07,1.56,0.92,
843,Fabaceae,Trifolium pratense,C,1,23.98,11.87,1.65,0.82,
844,Fabaceae,Trifolium pratense,C,1,29.91,10.71,1.36,0.71,
845,Fabaceae,Trifolium pratense,C,1,23.31,10.51,1.37,0.73,
846,Fabaceae,Trifolium pratense,C,1,21.29,7.49,1.3,0.82,
847,Fabaceae,Trifolium pratense,C,1,25.64,10.7,1.32,0.76,
848,Fabaceae,Trifolium pratense,C,1,20.59,8.74,1.55,0.82,
849,Fabaceae,Trifolium repens,C,1,16.5,4.72,1.46,0.94,
850,Fabaceae,Trifolium repens,C,1,14.48,4.02,1.15,0.63,
851,Fabaceae,Trifolium repens,C,1,15.15,4.44,1.44,0.56,
852,Fabaceae,Trifolium repens,C,1,16.82,4.18,1.63,0.85,
853,Fabaceae,Trifolium repens,C,1,17.02,4.28,1.78,0.74,
854,Fabaceae,Trifolium repens,C,1,15.82,5.34,1.71,0.95,
855,Fabaceae,Trifolium repens,C,1,17.09,4.84,1.42,0.54,
856,Fabaceae,Trifolium repens,C,1,21.89,3.63,1.42,0.63,
857,Fabaceae,Trifolium repens,C,1,15.6,4.75,1.36,0.52,
858,Fabaceae,Trifolium repens,C,1,15.52,4.41,1.23,0.66,
859,Orchidaceae,Gymnadenia conopsea,FU,24,7.64,2.69,0.4,0.3,
860,Orchidaceae,Gymnadenia conopsea,FU,22,8.2,1.36,0.58,0.4,
861,Orchidaceae,Gymnadenia conopsea,FU,26,6.41,1.65,0.52,0.41,
862,Orchidaceae,Gymnadenia conopsea,FU,23,7.97,1.57,0.5,0.42,
863,Orchidaceae,Gymnadenia conopsea,FU,25,8.52,1.43,0.52,0.42,
864,Lamiaceae,Teucrium montanum,S,1,6.34,5.87,0.74,0.87,
865,Lamiaceae,Teucrium montanum,S,1,5.93,4.51,0.91,0.81,
866,Lamiaceae,Teucrium montanum,S,1,5.23,4.27,1.22,0.78,
867,Lamiaceae,Teucrium montanum,S,1,5.42,5.11,0.94,0.75,
868,Lamiaceae,Teucrium montanum,S,1,7.97,5.71,1.32,1.05,
869,Dipsacaceae,Scabiosa lucida,C,1,26.18,5.15,1.3,0.52,
870,Dipsacaceae,Scabiosa lucida,C,1,34.29,4.89,0.84,0.43,
871,Dipsacaceae,Scabiosa lucida,C,1,28.08,5.91,1.22,0.59,
872,Dipsacaceae,Scabiosa lucida,C,1,29.62,4.41,1.45,0.59,
873,Dipsacaceae,Scabiosa lucida,C,1,28.03,4.75,1.21,0.47,
874,Campanulaceae,Campanula scheuchzeri,S,1,19.47,16.86,14.31,9.22,
875,Campanulaceae,Campanula scheuchzeri,S,1,14.23,14.28,11.23,7.84,
876,Campanulaceae,Campanula scheuchzeri,S,1,16.89,12.94,12.02,8.54,
877,Campanulaceae,Campanula scheuchzeri,S,1,19.83,15.41,13.03,8.11,
878,Campanulaceae,Campanula scheuchzeri,S,1,14.07,14.03,9.19,7.73,
879,Campanulaceae,Campanula scheuchzeri,S,1,17.79,15.33,12.03,7.22,
880,Campanulaceae,Campanula scheuchzeri,S,1,15.48,15.24,11.16,7.19,
881,Campanulaceae,Campanula scheuchzeri,S,1,17.82,13.84,11.34,8.38,
882,Campanulaceae,Campanula scheuchzeri,S,1,15.12,14.17,10.5,6.2,
883,Campanulaceae,Campanula scheuchzeri,S,1,19.12,11.46,12.38,7.37,
884,Ranunculaceae,Aconitum lycoctonum,FU,11,20.67,4.25,4.96,4.91,
885,Ranunculaceae,Aconitum lycoctonum,FU,12,15.825,5.71,5.26,5.1,
886,Ranunculaceae,Aconitum lycoctonum,FU,8,19.125,4.25,5.82,4.8,
887,Orchidaceae,Listera ovata,FU,30,7.945,2.05,2.05,1.27,
888,Ranunculaceae,Aconitum napellus,FU,8,16.165,16.83,6.68,4.29,
889,Ranunculaceae,Aconitum napellus,FU,10,19.52,15.91,9.89,5.6,
890,Ranunculaceae,Aconitum napellus,FU,8,16.18,16.86,4.91,3.51,
891,Ranunculaceae,Aconitum napellus,FU,15,17.165,17.27,7.91,5.2,
892,Ranunculaceae,Aconitum napellus,FU,8,17.505,16.56,9.61,6.76,
893,Ranunculaceae,Aconitum napellus,FU,21,17.555,17.29,7.05,6.94,
894,Ranunculaceae,Aconitum napellus,FU,7,18.885,18.28,8.05,7.79,
895,Ranunculaceae,Aconitum napellus,FU,23,18.2,18.53,7.47,8.09,
896,Ranunculaceae,Aconitum napellus,FU,16,19.45,17.69,9.52,7.55,
897,Ranunculaceae,Aconitum napellus,FU,8,20.395,18.82,9.62,6.97,
898,Asteraceae,Senecio abrotanifolius,C,1,32.92,4.6,0.87,0.31,
899,Asteraceae,Senecio abrotanifolius,C,1,40.1,5.65,0.91,0.39,
900,Asteraceae,Senecio abrotanifolius,C,1,26.19,4.1,0.85,0.41,
901,Asteraceae,Senecio abrotanifolius,C,1,29.44,4.41,1.2,0.56,
902,Asteraceae,Senecio abrotanifolius,C,1,27.68,4.1,1.17,0.56,
903,Asteraceae,Senecio abrotanifolius,C,1,26.87,4.91,0.74,0.52,
904,Asteraceae,Senecio abrotanifolius,C,1,31.88,4.31,1.29,0.55,
905,Asteraceae,Senecio abrotanifolius,C,1,32.73,5.54,1.02,0.52,
906,Asteraceae,Senecio abrotanifolius,C,1,32.01,4.66,0.78,0.46,
907,Alliaceae,Allium lusitanicum,C,1,22.9,5.83,3.38,2.4,
908,Alliaceae,Allium lusitanicum,C,1,25.04,5.51,4.46,3.39,
909,Alliaceae,Allium lusitanicum,C,1,22.95,5.87,3.73,3.26,
910,Alliaceae,Allium lusitanicum,C,1,17.45,5.82,4.28,3.6,
911,Alliaceae,Allium lusitanicum,C,1,26.14,6.15,2.82,2.92,
912,Alliaceae,Allium lusitanicum,C,1,26.71,6.24,3.47,2.88,
913,Alliaceae,Allium lusitanicum,C,1,26.76,5.8,5.41,3.69,
914,Alliaceae,Allium lusitanicum,C,1,24.01,6.1,5.23,3.41,
915,Alliaceae,Allium lusitanicum,C,1,19.88,6.7,3.86,2.92,
916,Alliaceae,Allium lusitanicum,C,1,17.39,5.49,4.42,3.73,
917,Asteraceae,Solidago virgaurea,FU,24,10.99,5.35,0.76,0.38,
918,Asteraceae,Solidago virgaurea,FU,7,17.25,5.74,0.81,0.29,
919,Asteraceae,Solidago virgaurea,FU,22,9.06,5.09,0.63,0.42,
920,Asteraceae,Solidago virgaurea,FU,13,18.56,5.03,0.75,0.37,
921,Asteraceae,Solidago virgaurea,FU,30,23.6,4.95,0.88,0.33,
922,Asteraceae,Solidago virgaurea,FU,10,9.37,5.44,0.85,0.38,
923,Asteraceae,Solidago virgaurea,FU,11,10.33,5.1,0.58,0.37,
924,Asteraceae,Solidago virgaurea,FU,16,14.26,5.07,0.9,0.39,
925,Gentianaceae,Gentianella aspera,S,1,24.68,21.35,8.08,2.2,
926,Gentianaceae,Gentianella aspera,S,1,25.47,24.58,8.27,1.85,
927,Gentianaceae,Gentianella aspera,S,1,23.76,25.49,7.06,1.68,
928,Gentianaceae,Gentianella aspera,S,1,32.54,21.12,8.52,4.04,
929,Gentianaceae,Gentianella aspera,S,1,27.34,20.66,6.78,2.28,
930,Gentianaceae,Gentianella aspera,S,1,25.93,17.38,7.41,3.1,
931,Gentianaceae,Gentianella aspera,S,1,24.11,19.76,6.82,2.23,
932,Gentianaceae,Gentianella aspera,S,1,25.9,18.34,8.46,2.51,
933,Asteraceae,Cirsium arvense,C,1,13.19,1.04,0.57,0.35,
934,Asteraceae,Cirsium arvense,C,1,16.97,0.89,0.73,0.36,
935,Asteraceae,Cirsium arvense,C,1,18.62,1.04,0.58,0.39,
936,Asteraceae,Cirsium arvense,C,1,14.63,1.18,0.68,0.5,
937,Asteraceae,Cirsium arvense,C,1,17.11,1.17,0.64,0.39,
938,Asteraceae,Cirsium arvense,C,1,15.26,1.2,0.6,0.35,
939,Asteraceae,Cirsium arvense,C,1,15.44,1.23,0.69,0.42,
940,Asteraceae,Cirsium arvense,C,1,16.75,0.94,0.63,0.36,
941,Asteraceae,Cirsium arvense,C,1,20.86,0.95,0.85,0.33,
942,Asteraceae,Cirsium arvense,C,1,13.61,1.26,0.76,0.39,
943,Asteraceae,Eupatorium cannabinum,C,1,49.03,1.92,0.95,0.49,
944,Asteraceae,Eupatorium cannabinum,C,1,39.01,2.01,0.98,0.31,
945,Asteraceae,Eupatorium cannabinum,C,1,50.02,2.54,0.81,0.36,
946,Asteraceae,Eupatorium cannabinum,C,1,58.92,2.49,0.74,0.43,
947,Asteraceae,Eupatorium cannabinum,C,1,52.97,1.77,0.8,0.3,
948,Asteraceae,Eupatorium cannabinum,C,1,53.68,1.94,0.81,0.38,
949,Asteraceae,Eupatorium cannabinum,C,1,56.37,1.79,0.87,0.36,
950,Asteraceae,Hieracium glaucum,C,1,31.51,4.35,0.77,0.47,
951,Asteraceae,Leontodon hispidus,C,1,36.08,4.92,0.73,0.4,
952,Asteraceae,Leontodon hispidus,C,1,31.18,6.05,0.73,0.6,
953,Asteraceae,Leontodon hispidus,C,1,37.11,4.6,0.74,0.3,
954,Asteraceae,Leontodon hispidus,C,1,27.23,5.99,0.81,0.36,
955,Cuscutaceae,Cuscuta epithymum,FU,7,3.09,2.27,1.17,1.04,
956,Cuscutaceae,Cuscuta epithymum,FU,11,3.5,2.67,1.45,0.87,
957,Cuscutaceae,Cuscuta epithymum,FU,4,2.76,1.89,1.54,0.99,
958,Cuscutaceae,Cuscuta epithymum,FU,8,3.02,2.22,1.07,1.13,
959,Cuscutaceae,Cuscuta epithymum,FU,6,3.34,1.63,1.2,0.79,
960,Cuscutaceae,Cuscuta epithymum,FU,7,3.62,2.61,1.35,0.85,
961,Asteraceae,Carlina acaulis,C,1,55.1,6.35,1.38,1.03,
962,Asteraceae,Carlina acaulis,C,1,57.5,5.96,1.41,0.94,
963,Asteraceae,Carlina acaulis,C,1,66.8,6.31,1.32,0.86,
964,Asteraceae,Carlina acaulis,C,1,52.4,5.93,1.29,0.85,
965,Asteraceae,Carlina acaulis,C,1,67.1,5.49,1.4,0.75,
966,Asteraceae,Carlina acaulis,C,1,57.2,5.7,1.61,0.89,
967,Asteraceae,Carlina acaulis,C,1,69.1,5.98,1.45,0.79,
968,Asteraceae,Carlina acaulis,C,1,63.1,6.03,1.16,0.86,
969,Asteraceae,Carlina acaulis,C,1,61.2,,,,
970,Asteraceae,Carlina acaulis,C,1,57,,,,
971,Gentianaceae,Gentianella ciliata,S,1,28.69,19.5,5.04,2.36,
972,Gentianaceae,Gentianella ciliata,S,1,30.28,22.77,4.94,2.78,
973,Gentianaceae,Gentianella ciliata,S,1,23.37,22.29,5.85,3.01,
974,Gentianaceae,Gentianella ciliata,S,1,24.88,22.34,5.18,3.01,
975,Gentianaceae,Gentianella ciliata,S,1,29.3,21.23,5.1,3.09,
976,Gentianaceae,Gentianella ciliata,S,1,27.38,20.12,5.41,2.84,
977,Gentianaceae,Gentianella ciliata,S,1,30.23,18.28,4.68,2.25,
978,Gentianaceae,Gentianella ciliata,S,1,31.53,19.21,4.79,2.21,
979,Asteraceae,Adenostyles alliariae,C,1,71.4,3.5,0.3,0.5,
980,Asteraceae,Adenostyles alliariae,C,1,56.14,3.12,0.38,0.43,
981,Asteraceae,Adenostyles alliariae,C,1,56.37,2.69,0.83,0.58,
982,Caryophyllaceae,Silene pusilla,S,1,7.57,4.57,1.44,0.78,
983,Caryophyllaceae,Silene pusilla,S,1,6.32,3.29,1.27,0.66,
984,Caryophyllaceae,Silene pusilla,S,1,7.93,3.32,1.44,0.68,
985,Caryophyllaceae,Silene pusilla,S,1,9.54,3.54,2.31,0.89,
986,Caryophyllaceae,Silene pusilla,S,1,7.49,3.75,1.44,0.74,
987,Caryophyllaceae,Silene pusilla,S,1,8.87,3.22,1.96,0.84,
988,Caryophyllaceae,Silene pusilla,S,1,5.68,4.19,1.5,0.69,
989,Caryophyllaceae,Silene pusilla,S,1,8.74,3.9,1.44,0.75,
990,Caryophyllaceae,Silene pusilla,S,1,6.48,4.22,1.71,0.82,
991,Caryophyllaceae,Silene pusilla,S,1,8.04,3.76,1.52,0.88,
992,Orchidaceae,Epipactis atrorubens,FU,13,8.11,0,,,
993,Fabaceae,Hippocrepis comosa,C,1,19.1,3.7,2.1,1.5,DN1 can be extended with sufficient force
994,Fabaceae,Hippocrepis comosa,C,1,19.7,4.2,2,1.4,
995,Fabaceae,Hippocrepis comosa,C,1,20.5,3.9,1.9,1.5,
996,Fabaceae,Hippocrepis comosa,C,1,22.3,4.8,2.1,1.5,
997,Fabaceae,Hippocrepis comosa,C,1,20.8,5.2,1.9,1.5,
998,Fabaceae,Hippocrepis comosa,C,1,19,4.7,2.2,1.5,
999,Fabaceae,Hippocrepis comosa,C,1,20.1,5.4,2.3,1.4,
1000,Fabaceae,Hippocrepis comosa,C,1,17.5,5.1,2.2,1.5,
1001,Fabaceae,Hippocrepis comosa,C,1,19,5.3,2,1.5,
1002,Fabaceae,Hippocrepis comosa,C,1,22.9,4.9,2.1,1.5,
1003,Ranunculaceae,Anemone narcissiflora,S,1,25,0,,,Kosmos
1004,Brassicaceae,Arabis ciliata,S,1,3,,,,Kosmos
1005,Apiaceae,Carum carvi,S,1,3,0,,,Kosmos
1006,Asteraceae,Cicerbita alpina,C,1,20,,,,Kosmos
1007,Ranunculaceae,Clematis alpina,S,1,75,0,,,Kosmos
1008,Orchidaceae,Coeloglossum viride,FU,18,13.5,,,,Kosmos
1009,Lamiaceae,Galeobdolon luteum,FU,8,20,,,,Kosmos
1010,Rubiaceae,Galium uliginosum,S,1,20,,,,Kosmos
1011,Gentianaceae,Gentiana pannonica,S,1,37.5,,,,Kosmos
1012,Apiaceae,Heracleum sphondylium,S,1,2,0,,,Kosmos
1013,Asteraceae,Leontopodium alpinum,FU,7,6,,,,Kosmos
1014,Oxalidaceae,Oxalis acetosella,S,1,20,0,,,Kosmos
1015,Orchidaceae,Platanthera bifolia,FU,25,19,,,,Kosmos
1016,Primulaceae,Primula minima,S,1,20,,,,Kosmos
1017,Brassicaceae,Pritzelago alpina,S,1,6.5,,,,Kosmos
1018,Caryophyllaceae,Silene viscosa,S,1,17.5,,,,Kosmos
1019,Asteraceae,Taraxacum officinale,C,1,37.5,,,,Kosmos
1020,Asteraceae,Tolpis staticifolia,C,1,24,,,,Kosmos
1021,Asteraceae,Tussilago farfara,C,1,22.5,,,,Kosmos
1022,Scrophulariaceae,Veronica aphylla,S,1,7,,,,Kosmos
1023,Orchidaceae,Gymnadenia odoratissima,FU,24,7.748,,,,
1024,Asteraceae,Hieracium pilosum,C,1,23.625,,,,
1025,Asteraceae,Asteraceae sp. 1,C,1,23.5,,,,"Diameter: Mean of all identified Hieracium, Crepis and Leontodon species"
1026,Asteraceae,Asteraceae sp. 2,C,1,23.5,,,,"Diameter: Mean of all identified Hieracium, Crepis and Leontodon species"
1027,Asteraceae,Asteraceae sp. 3,C,1,23.5,,,,"Diameter: Mean of all identified Hieracium, Crepis and Leontodon species"
1028,Asteraceae,Asteraceae sp. 4,C,1,23.5,,,,"Diameter: Mean of all identified Hieracium, Crepis and Leontodon species"
1029,Asteraceae,Asteraceae sp. 5,C,1,23.5,,,,"Diameter: Mean of all identified Hieracium, Crepis and Leontodon species"
1030,Asteraceae,Hieracium sp. 1,C,1,23.5,,,,"Diameter: Mean of all identified Hieracium, Crepis and Leontodon species"
1031,Asteraceae,Hieracium sp. 2,C,1,23.5,,,,"Diameter: Mean of all identified Hieracium, Crepis and Leontodon species"
1032,Asteraceae,Hieracium sp. 3,C,1,23.5,,,,"Diameter: Mean of all identified Hieracium, Crepis and Leontodon species"
1032,Asteraceae,Hieracium sp. 4,C,1,23.5,,,,"Diameter: Mean of all identified Hieracium, Crepis and Leontodon species"
1032,Asteraceae,Crepis sp.,C,1,23.5,,,,"Diameter: Mean of all identified Hieracium, Crepis and Leontodon species"
1033,Asteraceae,Leontodon sp.,C,1,23.5,,,,"Diameter: Mean of all identified Hieracium, Crepis and Leontodon species"
1033,Ericaceae,Erica carnea,FU,21,4.05,5.9,,2.2,
1033,Ericaceae,Erica carnea,FU,19,4.55,6.6,,2.5,
1034,Ericaceae,Erica carnea,FU,13,3.6,4.8,,2.4,
1034,Ericaceae,Erica carnea,FU,16,3.5,4.7,,2.3,
1034,Ericaceae,Erica carnea,FU,33,4.5,6.7,,2.3,
1035,Ericaceae,Erica carnea,FU,7,4.4,6.3,,2.5,
1035,Ericaceae,Erica carnea,FU,24,3.8,5.3,,2.3,
1035,Ericaceae,Erica carnea,FU,9,3.95,5.8,,2.1,
1036,Ericaceae,Erica carnea,FU,,4.2,6.4,,2,
1036,Ericaceae,Erica carnea,FU,,2.25,2.7,,1.8,
